name,sequence,seed_locations,n_seed_locations,score
hsa-miR-4288,UUGUCUGCUGAGUUUCC,"[1018, 3257, 3392, 4230, 5539, 12352, 14838, 19006, 22783, 24574, 24912, 27657, 29149]",13,99.0
hsa-miR-195-5p,UAGCAGCACAGAAAUAUUGGC,"[3163, 5384, 8458, 8614, 13090, 14562, 14781, 19857, 24094, 24634, 25683, 26723, 28921, 28935, 28938, 29023]",16,99.0
hsa-miR-16-5p,UAGCAGCACGUAAAUAUUGGCG,"[3163, 5384, 8458, 8614, 13090, 14562, 14781, 19857, 24094, 24634, 25683, 26723, 28921, 28935, 28938, 29023]",16,99.0
hsa-miR-15b-5p,UAGCAGCACAUCAUGGUUUACA,"[3163, 5384, 8458, 8614, 13090, 14562, 14781, 19857, 24094, 24634, 25683, 26723, 28921, 28935, 28938, 29023]",16,99.0
hsa-miR-15a-5p,UAGCAGCACAUAAUGGUUUGUG,"[3163, 5384, 8458, 8614, 13090, 14562, 14781, 19857, 24094, 24634, 25683, 26723, 28921, 28935, 28938, 29023]",16,99.0
hsa-miR-6838-5p,AAGCAGCAGUGGCAAGACUCCU,"[3163, 5384, 8458, 8614, 13090, 14562, 14781, 19857, 24094, 24634, 25683, 26723, 28921, 28935, 28938, 29023]",16,99.0
hsa-miR-497-5p,CAGCAGCACACUGUGGUUUGU,"[3163, 5384, 8458, 8614, 13090, 14562, 14781, 19857, 24094, 24634, 25683, 26723, 28921, 28935, 28938, 29023]",16,98.0
hsa-miR-424-5p,CAGCAGCAAUUCAUGUUUUGAA,"[3163, 5384, 8458, 8614, 13090, 14562, 14781, 19857, 24094, 24634, 25683, 26723, 28921, 28935, 28938, 29023]",16,98.0
hsa-miR-3133,UAAAGAACUCUUAAAACCCAAU,"[2297, 3030, 3745, 6779, 6987, 7153, 7171, 9730, 10007, 11071, 13741, 14722, 15793, 16252, 21384, 23331, 23390]",17,98.0
hsa-miR-21-3p,CAACACCAGUCGAUGGGCUGU,"[766, 2074, 5920, 7549, 9247, 9571, 9769, 10423, 10958, 11689, 14448, 17668, 18379, 19728, 19917, 20037, 20169, 21664, 21826, 23005, 23065, 26061]",22,98.0
hsa-miR-122b-3p,AAACACCAUUGUCACACUCCAC,"[766, 2074, 5920, 7549, 9247, 9571, 9769, 10423, 10958, 11689, 14448, 17668, 18379, 19728, 19917, 20037, 20169, 21664, 21826, 23005, 23065, 26061]",22,97.0
hsa-miR-559,UAAAGUAAAUAUGCACCAAAA,"[2733, 4025, 4531, 6783, 7774, 9508, 10962, 11641, 11672, 12950, 13644, 20196, 21886, 23026, 25807]",15,97.0
hsa-miR-196a-1-3p,CAACAACAUUAAACCACCCGA,"[1357, 1576, 2077, 3434, 4132, 5923, 6710, 8215, 8513, 10939, 11011, 16860, 18985, 21520, 21937, 25301, 25643, 25646, 26155, 28238]",20,97.0
hsa-miR-548y,AAAAGUAAUCACUGUUUUUGCC,"[2733, 4025, 4531, 6783, 7774, 9508, 10962, 11641, 11672, 12950, 13644, 20196, 21886, 23026, 25807]",15,97.0
hsa-miR-548w,AAAAGUAACUGCGGUUUUUGCCU,"[2733, 4025, 4531, 6783, 7774, 9508, 10962, 11641, 11672, 12950, 13644, 20196, 21886, 23026, 25807]",15,97.0
hsa-miR-548o-5p,AAAAGUAAUUGCGGUUUUUGCC,"[2733, 4025, 4531, 6783, 7774, 9508, 10962, 11641, 11672, 12950, 13644, 20196, 21886, 23026, 25807]",15,97.0
hsa-miR-548h-5p,AAAAGUAAUCGCGGUUUUUGUC,"[2733, 4025, 4531, 6783, 7774, 9508, 10962, 11641, 11672, 12950, 13644, 20196, 21886, 23026, 25807]",15,97.0
hsa-miR-548d-5p,AAAAGUAAUUGUGGUUUUUGCC,"[2733, 4025, 4531, 6783, 7774, 9508, 10962, 11641, 11672, 12950, 13644, 20196, 21886, 23026, 25807]",15,97.0
hsa-miR-548c-5p,AAAAGUAAUUGCGGUUUUUGCC,"[2733, 4025, 4531, 6783, 7774, 9508, 10962, 11641, 11672, 12950, 13644, 20196, 21886, 23026, 25807]",15,97.0
hsa-miR-548bb-5p,AAAAGUAACUAUGGUUUUUGCC,"[2733, 4025, 4531, 6783, 7774, 9508, 10962, 11641, 11672, 12950, 13644, 20196, 21886, 23026, 25807]",15,97.0
hsa-miR-548b-5p,AAAAGUAAUUGUGGUUUUGGCC,"[2733, 4025, 4531, 6783, 7774, 9508, 10962, 11641, 11672, 12950, 13644, 20196, 21886, 23026, 25807]",15,97.0
hsa-miR-548ay-5p,AAAAGUAAUUGUGGUUUUUGC,"[2733, 4025, 4531, 6783, 7774, 9508, 10962, 11641, 11672, 12950, 13644, 20196, 21886, 23026, 25807]",15,97.0
hsa-miR-548au-5p,AAAAGUAAUUGCGGUUUUUGC,"[2733, 4025, 4531, 6783, 7774, 9508, 10962, 11641, 11672, 12950, 13644, 20196, 21886, 23026, 25807]",15,97.0
hsa-miR-548ar-5p,AAAAGUAAUUGCAGUUUUUGC,"[2733, 4025, 4531, 6783, 7774, 9508, 10962, 11641, 11672, 12950, 13644, 20196, 21886, 23026, 25807]",15,97.0
hsa-miR-548am-5p,AAAAGUAAUUGCGGUUUUUGCC,"[2733, 4025, 4531, 6783, 7774, 9508, 10962, 11641, 11672, 12950, 13644, 20196, 21886, 23026, 25807]",15,97.0
hsa-miR-548ak,AAAAGUAACUGCGGUUUUUGA,"[2733, 4025, 4531, 6783, 7774, 9508, 10962, 11641, 11672, 12950, 13644, 20196, 21886, 23026, 25807]",15,97.0
hsa-miR-548ae-5p,AAAAGUAAUUGUGGUUUUUG,"[2733, 4025, 4531, 6783, 7774, 9508, 10962, 11641, 11672, 12950, 13644, 20196, 21886, 23026, 25807]",15,97.0
hsa-miR-548ad-5p,AAAAGUAAUUGUGGUUUUUG,"[2733, 4025, 4531, 6783, 7774, 9508, 10962, 11641, 11672, 12950, 13644, 20196, 21886, 23026, 25807]",15,97.0
hsa-miR-548aq-5p,GAAAGUAAUUGCUGUUUUUGCC,"[2733, 4025, 4531, 6783, 7774, 9508, 10962, 11641, 11672, 12950, 13644, 20196, 21886, 23026, 25807]",15,97.0
hsa-miR-302c-5p,UUUAACAUGGGGGUACCUGCUG,"[1273, 1360, 2209, 2425, 3627, 6243, 9816, 13997, 14249, 15241, 15461, 15548, 18544, 18987, 20061, 23403, 24448, 26427]",18,97.0
hsa-miR-548a-5p,AAAAGUAAUUGCGAGUUUUACC,"[2733, 4025, 4531, 6783, 7774, 9508, 10962, 11641, 11672, 12950, 13644, 20196, 21886, 23026, 25807]",15,96.0
hsa-miR-548as-5p,AAAAGUAAUUGCGGGUUUUGCC,"[2733, 4025, 4531, 6783, 7774, 9508, 10962, 11641, 11672, 12950, 13644, 20196, 21886, 23026, 25807]",15,96.0
hsa-miR-548ab,AAAAGUAAUUGUGGAUUUUGCU,"[2733, 4025, 4531, 6783, 7774, 9508, 10962, 11641, 11672, 12950, 13644, 20196, 21886, 23026, 25807]",15,96.0
hsa-miR-4684-3p,UGUUGCAAGUCGGUGGAGACGU,"[2912, 7098, 8103, 8988, 11891, 13033, 16562, 20757, 24983, 25632, 28671, 29492]",12,96.0
hsa-miR-409-3p,GAAUGUUGCUCGGUGAACCCCU,"[4990, 8386, 11785, 12403, 12525, 17285, 19760, 19803, 20759, 20829, 28767, 29694]",12,96.0
hsa-miR-548j-5p,AAAAGUAAUUGCGGUCUUUGGU,"[2733, 4025, 4531, 6783, 7774, 9508, 10962, 11641, 11672, 12950, 13644, 20196, 21886, 23026, 25807]",15,96.0
hsa-miR-548i,AAAAGUAAUUGCGGAUUUUGCC,"[2733, 4025, 4531, 6783, 7774, 9508, 10962, 11641, 11672, 12950, 13644, 20196, 21886, 23026, 25807]",15,96.0
hsa-miR-548ap-5p,AAAAGUAAUUGCGGUCUUU,"[2733, 4025, 4531, 6783, 7774, 9508, 10962, 11641, 11672, 12950, 13644, 20196, 21886, 23026, 25807]",15,96.0
hsa-miR-186-5p,CAAAGAAUUCUCCUUUUGGGCU,"[2296, 3744, 6779, 6988, 7152, 7171, 7259, 9731, 10008, 13741, 14722, 15794, 21383, 21651, 23391, 27403]",16,95.0
hsa-miR-545-3p,UCAGCAAACAUUUAUUGUGUGC,"[6074, 13079, 14704, 22647, 22815, 23268, 25263, 25778, 25832, 27099, 28933, 29326]",12,95.0
hsa-miR-6835-3p,AAAAGCACUUUUCUGUCUCCCAG,"[1719, 5814, 7009, 9381, 10905, 11440, 13074, 13827, 14622, 17594, 17647, 18891, 19340, 22288, 22733, 23856, 25719, 27565, 27788]",19,95.0
hsa-miR-30c-5p,UGUAAACAUCCUACACUCUCAGC,"[3451, 4974, 7939, 9354, 10426, 11657, 16863, 19567, 19710, 20069, 20360, 26729, 27955, 28140]",14,95.0
hsa-miR-30b-5p,UGUAAACAUCCUACACUCAGCU,"[3451, 4974, 7939, 9354, 10426, 11657, 16863, 19567, 19710, 20069, 20360, 26729, 27955, 28140]",14,95.0
hsa-miR-6830-3p,UGUCUUUCUUCUCUCCCUUGCAG,"[2645, 4291, 5968, 6439, 7805, 16618, 17629, 27746]",8,95.0
hsa-miR-30e-5p,UGUAAACAUCCUUGACUGGAAG,"[3451, 4974, 7939, 9354, 10426, 11657, 16863, 19567, 19710, 20069, 20360, 26729, 27955, 28140]",14,95.0
hsa-miR-30d-5p,UGUAAACAUCCCCGACUGGAAG,"[3451, 4974, 7939, 9354, 10426, 11657, 16863, 19567, 19710, 20069, 20360, 26729, 27955, 28140]",14,95.0
hsa-miR-30a-5p,UGUAAACAUCCUCGACUGGAAG,"[3451, 4974, 7939, 9354, 10426, 11657, 16863, 19567, 19710, 20069, 20360, 26729, 27955, 28140]",14,95.0
hsa-miR-3686,AUCUGUAAGAGAAAGUAAAUGA,"[1949, 2414, 2860, 5362, 5932, 6435, 6522, 7060, 9295, 12680, 12883, 12912, 20048, 20592, 22416, 26732]",16,95.0
hsa-miR-505-3p,CGUCAACACUUGCUGGUUUCCU,"[152, 8488, 10609, 10792, 14208, 15648, 17580, 18123, 18156, 18612, 18906]",11,95.0
hsa-miR-632,GUGUCUGCUUCCUGUGGGA,"[1018, 3257, 3392, 4230, 5539, 12352, 14838, 19006, 22783, 24574, 24912, 27657, 29149]",13,94.0
hsa-miR-548z,CAAAAACCGCAAUUACUUUUGCA,"[6960, 7245, 7272, 8927, 11540, 13459, 15517, 15814, 18367, 21100, 22217, 22583, 26653]",13,94.0
hsa-miR-548h-3p,CAAAAACCGCAAUUACUUUUGCA,"[6960, 7245, 7272, 8927, 11540, 13459, 15517, 15814, 18367, 21100, 22217, 22583, 26653]",13,94.0
hsa-miR-548d-3p,CAAAAACCACAGUUUCUUUUGC,"[6960, 7245, 7272, 8927, 11540, 13459, 15517, 15814, 18367, 21100, 22217, 22583, 26653]",13,94.0
hsa-miR-548bb-3p,CAAAAACCAUAGUUACUUUUGC,"[6960, 7245, 7272, 8927, 11540, 13459, 15517, 15814, 18367, 21100, 22217, 22583, 26653]",13,94.0
hsa-miR-548ac,CAAAAACCGGCAAUUACUUUUG,"[6960, 7245, 7272, 8927, 11540, 13459, 15517, 15814, 18367, 21100, 22217, 22583, 26653]",13,94.0
hsa-miR-548m,CAAAGGUAUUUGUGGUUUUUG,"[8478, 9664, 9672, 11100, 17975, 18353, 21729, 28058, 28144]",9,93.0
hsa-miR-374a-5p,UUAUAAUACAACCUGAUAAGUG,"[1749, 5960, 6177, 6949, 20152, 22821, 22827, 22905, 26483]",9,93.0
hsa-miR-4778-3p,UCUUCUUCCUUUGCAGAGUUGA,"[3056, 3059, 3074, 3077, 3179, 3189, 3191, 3404, 3974, 4643, 6410, 9791, 12205, 18268, 29390, 29392]",16,93.0
hsa-miR-4422,AAAAGCAUCAGGAAGUACCCA,"[5815, 7009, 10906, 11439, 12359, 13826, 17646, 18684, 20608, 22288, 22733, 23857, 25259, 25718, 27565]",15,93.0
hsa-miR-4490,UCUGGUAAGAGAUUUGGGCAUA,"[5755, 9305, 12486, 17930, 19817, 22835, 23978, 25942, 26025, 28543]",10,93.0
hsa-miR-527,CUGCAAAGGGAAGCCCUUUC,"[2910, 7423, 7596, 8986, 11135, 11890, 16255, 16382, 17953, 24981, 25631]",11,93.0
hsa-miR-518a-5p,CUGCAAAGGGAAGCCCUUUC,"[2910, 7423, 7596, 8986, 11135, 11890, 16255, 16382, 17953, 24981, 25631]",11,93.0
hsa-miR-5688,UAACAAACACCUGUAAAACAGC,"[1271, 5675, 7826, 8185, 9814, 10360, 10530, 11175, 11182, 12907, 13995, 14247, 18895, 19345, 19921, 21235, 21565]",17,93.0
hsa-miR-548as-3p,UAAAACCCACAAUUAUGUUUGU,"[8851, 10058, 10499, 11291, 13348, 18213, 18780, 21099, 22216, 23015, 23957, 25217]",12,93.0
hsa-miR-7159-5p,UUCAACAAGGGUGUAGGAUGG,"[1770, 2584, 3279, 3970, 8187, 8217, 10608, 14441, 14742, 14864, 17579, 20525, 23008, 23875, 26064, 26099]",16,92.0
hsa-miR-6512-5p,UACCAUUAGAAGAGCUGGAAGA,"[4723, 5248, 7546, 8896, 9766, 10477, 10874, 12172, 12474, 14077, 18237, 20034, 21782, 23002, 23062, 24280, 25245, 28024]",18,92.0
hsa-miR-29c-3p,UAGCACCAUUUGAAAUCGGUUA,"[3727, 4519, 8329, 9379, 11374, 16284, 19479, 20868, 22342, 28642]",10,92.0
hsa-miR-29b-3p,UAGCACCAUUUGAAAUCAGUGUU,"[3727, 4519, 8329, 9379, 11374, 16284, 19479, 20868, 22342, 28642]",10,92.0
hsa-miR-633,CUAAUAGUAUCUACCACAAUAAA,"[4964, 5262, 6581, 6967, 7875, 10457, 10649, 19049, 22188, 22388, 23717, 26021, 26541]",13,92.0
hsa-miR-1226-3p,UCACCAGCCCUGUGUUCCCUAG,"[656, 2544, 2997, 4181, 5375, 9245, 9410, 15112, 16585, 22314, 22340]",11,92.0
hsa-miR-4310,GCAGCAUUCAUGUCCC,"[1352, 8757, 12064, 14032, 14779, 16070, 16319, 16582, 17791, 21187, 28733]",11,92.0
hsa-miR-495-3p,AAACAAACAUGGUGCACUUCUU,"[1271, 5675, 7826, 8185, 9814, 10360, 10530, 11175, 11182, 12907, 13995, 14247, 18895, 19345, 19921, 21235, 21565]",17,92.0
hsa-miR-374b-5p,AUAUAAUACAACCUGCUAAGUG,"[1749, 5960, 6177, 6949, 20152, 22821, 22827, 22905, 26483]",9,91.0
hsa-miR-4775,UUAAUUUUUUGUUUCGGUCACU,"[1032, 2274, 4424, 6518, 15159, 16888, 20649, 20741, 21415, 22718, 27135, 27397, 29812]",13,91.0
hsa-miR-1283,UCUACAAAGGAAAGCGCUUUCU,"[51, 7464, 12567, 13648, 13933, 14138, 14458, 14851, 15967, 18963, 19232]",11,91.0
hsa-miR-628-3p,UCUAGUAAGAGUGGCAGUCGA,"[1971, 6810, 7976, 8503, 9078, 12339, 14602, 18327]",8,91.0
hsa-miR-141-3p,UAACACUGUCUGGUAAAGAUGG,"[2515, 7742, 10392, 11332, 14396, 18120, 20059, 22695, 23347, 23723]",10,91.0
hsa-miR-1305,UUUUCAACUCUAAUGGGAGAGA,"[431, 1127, 1442, 2537, 6320, 6620, 8303, 11988, 16835, 19748, 20527, 22468]",12,91.0
hsa-miR-29a-3p,UAGCACCAUCUGAAAUCGGUUA,"[3727, 4519, 8329, 9379, 11374, 16284, 19479, 20868, 22342, 28642]",10,91.0
hsa-miR-653-5p,GUGUUGAAACAAUCUCUACUG,"[3217, 3232, 5472, 12399, 12411, 14924, 17283, 18770, 18974, 23529, 24029, 24589, 24960]",13,90.0
hsa-miR-4760-3p,AAAUUCAUGUUCAAUCUAAACC,"[1011, 2926, 6597, 10920, 11732, 14745, 15869, 18223, 20276, 20409, 24991, 29618]",12,90.0
hsa-miR-513b-3p,AAAUGUCACCUUUUUGAGAGGA,"[4036, 4081, 6485, 9600, 11953, 14054, 23317]",7,90.0
hsa-miR-4524b-5p,AUAGCAGCAUAAGCCUGUCUC,"[5384, 8459, 8615, 13091, 14782, 19217, 19858, 24095, 24624, 24635, 28725]",11,90.0
hsa-miR-4524a-5p,AUAGCAGCAUGAACCUGUCUCA,"[5384, 8459, 8615, 13091, 14782, 19217, 19858, 24095, 24624, 24635, 28725]",11,90.0
hsa-miR-758-5p,GAUGGUUGACCAGAGAGCACAC,"[1565, 2555, 5889, 6017, 18804, 20074, 23078, 27978]",8,90.0
hsa-miR-302e,UAAGUGCUUCCAUGCUU,"[5399, 8539, 14638, 15742]",4,90.0
hsa-miR-219a-1-3p,AGAGUUGAGUCUGGACGUCCCG,"[308, 1217, 3095, 10273, 11897, 13417, 17822, 21710, 23533, 26038, 28862, 29519]",12,90.0
hsa-miR-6869-5p,GUGAGUAGUGGCGCGCGGCGGC,"[2450, 6633, 6997, 11056, 11494, 11661, 19832, 20799, 26035, 27968]",10,90.0
hsa-miR-200a-3p,UAACACUGUCUGGUAACGAUGU,"[2515, 7742, 10392, 11332, 14396, 18120, 20059, 22695, 23347, 23723]",10,90.0
hsa-miR-3065-3p,UCAGCACCAGGAUAUUGUUGGAG,"[2331, 3728, 12032, 16912, 19480, 20869, 22343, 24233, 29511]",9,90.0
hsa-miR-194-5p,UGUAACAGCAACUCCAUGUGGA,"[4600, 4710, 6219, 7499, 7744, 7973, 8950, 10403, 10532, 11481, 12910, 16323, 21072]",13,90.0
hsa-miR-1279,UCAUAUUGCUUCUUUCU,"[2678, 3101, 13207, 14255, 17855, 20848, 23825, 24068]",8,89.0
hsa-miR-4642,AUGGCAUCGUCCCCUGGUGGCU,"[5478, 14020, 15490, 25816, 26638]",5,89.0
hsa-miR-3182,GCUUCUGUAGUGUAGUC,"[1951, 2510, 2861, 4410, 6524, 13037, 20050, 23414, 29428]",9,89.0
hsa-miR-3065-5p,UCAACAAAAUCACUGAUGCUGGA,"[1770, 3279, 8186, 8217, 8609, 10607, 14440, 14864, 17579, 20524, 23818, 26099]",12,89.0
hsa-miR-152-3p,UCAGUGCAUGACAGAACUUGG,"[714, 1299, 12752, 12811, 24187, 27415, 27555]",7,89.0
hsa-miR-148b-3p,UCAGUGCAUCACAGAACUUUGU,"[714, 1299, 12752, 12811, 24187, 27415, 27555]",7,89.0
hsa-miR-148a-3p,UCAGUGCACUACAGAACUUUGU,"[714, 1299, 12752, 12811, 24187, 27415, 27555]",7,89.0
hsa-miR-451b,UAGCAAGAGAACCAUUACCAUU,"[3592, 6629, 15351, 24631, 25548, 26304, 26321, 28927]",8,89.0
hsa-miR-3120-3p,CACAGCAAGUGUAGACAGGCA,"[9331, 12034, 13080, 14705, 17793, 18392, 22423, 23385, 25264, 25279, 25550, 25639]",12,89.0
hsa-miR-510-3p,AUUGAAACCUCUAAGAGUGGA,"[285, 3824, 4460, 5470, 14464, 14659, 15734, 22117, 22273, 23489, 24848, 29308]",12,89.0
hsa-miR-548p,UAGCAAAAACUGCAGUUACUUU,"[8743, 11104, 12015, 12133, 13078, 13572, 15874, 17106, 21835, 24254, 25673, 27098, 27585, 29325]",14,89.0
hsa-miR-6509-5p,AUUAGGUAGUGGCAGUGGAAC,"[5127, 9743, 12922, 12972, 18173, 20765, 23140, 27642, 28169]",9,89.0
hsa-miR-335-3p,UUUUUCAUUAUUGCUCCUGACC,"[433, 2127, 3669, 11085, 11989, 16836, 17521, 22401, 25962, 27394]",10,89.0
hsa-miR-3613-5p,UGUUGUACUUUUUUUUUUGUUC,"[3982, 4978, 5657, 6717, 7533, 10122, 12457, 12522, 12779, 15608, 16874, 21128, 27470]",13,89.0
hsa-miR-330-3p,GCAAAGCACACGGCCUGCAGAGA,"[4211, 8392, 9382, 17595, 18605, 18892, 20609, 25260, 27173, 28930]",10,89.0
hsa-miR-6515-3p,UCUCUUCAUCUACCCCCCAG,"[1675, 2158, 3843, 14269, 22627, 26263, 26552, 27360]",8,88.0
hsa-miR-33a-3p,CAAUGUUUCCACAGUGCAUCAC,"[2385, 4991, 5112, 11786, 12404, 15691, 17286, 19761, 19804, 20636, 20760, 20829, 25093, 29168, 29355, 29694]",16,88.0
hsa-miR-3149,UUUGUAUGGAUAUGUGUGUGUAU,"[5839, 7184, 13883, 14106, 15029, 15364, 15886, 21356, 29073, 29349]",10,88.0
hsa-miR-3671,AUCAAAUAAGGACUAGUCUGCA,"[2985, 6914, 7073, 12834, 21389, 22304]",6,88.0
hsa-miR-298,AGCAGAAGCAGGGAGGUUCUCCCA,"[180, 3159, 14360, 17135, 24183, 24621]",6,88.0
hsa-miR-125b-2-3p,UCACAAGUCAGGCUCUUGGGAC,"[413, 1331, 2232, 5525, 5729, 8596, 9227, 10115, 13328, 14553, 22563, 27433]",12,88.0
hsa-miR-216b-3p,ACACACUUACCCGUAGAGAUUCUA,"[1229, 1520, 2420, 2777, 19054, 20485, 20728, 23544]",8,88.0
hsa-miR-3185,AGAAGAAGGCGGUCGGUCUGCGG,"[629, 4696, 4737, 4740, 11570, 14757, 19022, 22323, 25883, 26079, 29453]",11,88.0
hsa-miR-6844,UUCUUUGUUUUUAAUUCACAG,"[1044, 5868, 6861, 8127, 8531, 13104, 14687, 15089, 20710, 28650, 29295]",11,88.0
hsa-miR-3912-5p,AUGUCCAUAUUAUGGGUUAGU,"[2248, 4816, 5034, 5530, 5952, 12069, 12611, 16493, 16576, 19667, 20431, 24664]",12,88.0
hsa-miR-411-5p,UAGUAGACCGUAUAGCGUACG,"[3782, 7082, 9260, 17126, 19909, 23149, 25726, 28602, 29601]",9,88.0
hsa-miR-374a-3p,CUUAUCAGAUUGUAUUGUAAUU,"[2812, 3799, 4858, 6941, 7780, 13557, 17265, 19332, 20879, 27418, 27542, 28278]",12,88.0
hsa-miR-8075,UGCUGAUGGCAGAUGUCGGGUCUG,"[222, 3681, 8994, 9394, 11322, 12540, 22634, 28052]",8,87.0
hsa-miR-4282,UAAAAUUUGCAUCCAGGA,"[1078, 1787, 2315, 3673, 6044, 6887, 14680, 23710, 26513, 29125, 29818]",11,87.0
hsa-miR-4659b-3p,UUUCUUCUUAGACAUGGCAGCU,"[2437, 3058, 3076, 3190, 3995, 4411, 12059, 13687, 19128, 29391, 29430]",11,87.0
hsa-miR-4659a-3p,UUUCUUCUUAGACAUGGCAACG,"[2437, 3058, 3076, 3190, 3995, 4411, 12059, 13687, 19128, 29391, 29430]",11,87.0
hsa-miR-4724-3p,GUACCUUCUGGUUCAGCUAGU,"[258, 3132, 3416, 5105, 10586, 13302, 13846, 18076, 20053]",9,87.0
hsa-miR-624-5p,UAGUACCAGUACCUUGUGUUCA,"[3112, 12734, 12871, 12987, 13171, 17088, 21784, 21880, 26538]",9,87.0
hsa-miR-548aw,GUGCAAAAGUCAUCACGGUU,"[2911, 7324, 7595, 8907, 8987, 10047, 11134, 11889, 16256, 16382, 16632, 23905, 24982, 25631]",14,87.0
hsa-miR-497-3p,CAAACCACACUGUGGUGUUAGA,"[5251, 6640, 7143, 7243, 8774, 10056, 10705, 16506, 17600, 20357, 23194, 23955]",12,87.0
hsa-miR-375-3p,UUUGUUCGUUCGGCUCGCGUGA,"[913, 3863, 21306, 21557, 23364, 28261, 29111]",7,87.0
hsa-miR-3123,CAGAGAAUUGUUUAAUC,"[62, 7812, 11957, 13669, 14388, 24306, 25706]",7,87.0
hsa-miR-548l,AAAAGUAUUUGCGGGUUUUGUC,"[4026, 6784, 9507, 11672, 12949, 17950, 20197, 21886, 25808]",9,87.0
hsa-miR-4742-3p,UCUGUAUUCUCCUUUGCCUGCAG,"[6434, 9483, 12882, 18427, 20591, 23083]",6,86.0
hsa-miR-4262,GACAUUCAGACUACCUG,"[7410, 7529, 8221, 9016, 11400, 12216, 18516, 20783, 27948]",9,86.0
hsa-miR-2052,UGUUUUGAUAACAGUAAUGU,"[8091, 8963, 15804, 18137, 23929, 23990, 28382, 29353]",8,86.0
hsa-miR-4504,UGUGACAAUAGAGAUGAACAUG,"[1382, 2256, 2391, 7682, 8234, 13877, 15382, 16404, 27875]",9,86.0
hsa-miR-603,CACACACUGCAAUUACUUUUGC,"[2421, 5516, 17508, 19055, 20486, 21603, 24654, 27458, 29687]",9,86.0
hsa-miR-493-5p,UUGUACAUGGUAGGCUUUCAUU,"[5570, 7378, 7412, 7531, 9019, 13311, 16210, 18496, 18537, 23774, 23780]",11,86.0
hsa-miR-222-5p,CUCAGUAGCCAGUGUAGAUCCU,"[3115, 4191, 6345, 7713, 11976, 15566, 16614, 16655, 20368, 23277, 25959]",11,86.0
hsa-miR-802,CAGUAACAAAGAUUCAUCCUUGU,"[4023, 5074, 7974, 10960, 11013, 11334, 11482, 11639, 12338, 16542, 21237, 21745, 23024, 27226]",14,86.0
hsa-miR-582-3p,UAACUGGUUGAACAACUGAACC,"[2608, 3316, 5899, 6090, 6316, 9550, 11941, 19686, 25274]",9,86.0
hsa-miR-6124,GGGAAAAGGAAGGGGGAGGA,"[14949, 16476, 18436, 18687, 21736, 22682, 29580]",7,86.0
hsa-miR-412-3p,ACUUCACCUGGUCCACUAGCCGU,"[3072, 3638, 4907, 5378, 7751, 7911, 12057, 19678, 22577]",9,86.0
hsa-miR-8054,GAAAGUACAGAUCGGAUGGGU,"[4026, 6784, 6804, 9508, 9783, 11672, 12950, 14874, 20197, 21886, 23096, 25808, 27478]",13,86.0
hsa-miR-548k,AAAAGUACUUGCGGAUUUUGCU,"[4026, 6784, 6804, 9508, 9783, 11672, 12950, 14874, 20197, 21886, 23096, 25808, 27478]",13,86.0
hsa-miR-548av-5p,AAAAGUACUUGCGGAUUU,"[4026, 6784, 6804, 9508, 9783, 11672, 12950, 14874, 20197, 21886, 23096, 25808, 27478]",13,86.0
hsa-miR-548j-3p,CAAAAACUGCAUUACUUUUGC,"[6961, 7888, 8926, 11540, 13459, 15517, 15814, 16500, 22582, 23834, 23902, 26492]",12,86.0
hsa-miR-5003-5p,UCACAACAACCUUGCAGGGUAGA,"[2884, 13155, 13410, 13891, 15726, 16397, 18851, 19277]",8,86.0
hsa-miR-676-5p,UCUUCAACCUCAGGACUUGCA,"[2157, 2585, 3971, 5326, 8572, 9789, 12202, 14857, 23009, 24015, 26550]",11,85.0
hsa-miR-570-5p,AAAGGUAAUUGCAGUUUUUCCC,"[3454, 8477, 11099, 11186, 18352, 21728, 25865, 26075, 28143]",9,85.0
hsa-miR-548ba,AAAGGUAACUGUGAUUUUUGCU,"[3454, 8477, 11099, 11186, 18352, 21728, 25865, 26075, 28143]",9,85.0
hsa-miR-548ai,AAAGGUAAUUGCAGUUUUUCCC,"[3454, 8477, 11099, 11186, 18352, 21728, 25865, 26075, 28143]",9,85.0
hsa-miR-548ag,AAAGGUAAUUGUGGUUUCUGC,"[3454, 8477, 11099, 11186, 18352, 21728, 25865, 26075, 28143]",9,85.0
hsa-miR-4527,UGGUCUGCAAAGAGAUGACUGU,"[13813, 27145, 29540]",3,85.0
hsa-miR-675-3p,CUGUAUGCCCUCACCGCUCA,"[806, 13883, 14106, 15364, 15886, 16221, 21641, 27105, 29072, 29348]",10,85.0
hsa-miR-5684,AACUCUAGCCUGAGCAACAG,"[6606, 8922, 8973, 19247, 26447, 28034, 28219]",7,85.0
hsa-miR-548t-3p,AAAAACCACAAUUACUUUUGCACCA,"[6959, 7244, 10057, 10498, 11290, 13349, 13569, 14946, 18214, 18781, 23015, 23956, 25217]",13,85.0
hsa-miR-548ap-3p,AAAAACCACAAUUACUUUU,"[6959, 7244, 10057, 10498, 11290, 13349, 13569, 14946, 18214, 18781, 23015, 23956, 25217]",13,85.0
hsa-miR-548aa,AAAAACCACAAUUACUUUUGCACCA,"[6959, 7244, 10057, 10498, 11290, 13349, 13569, 14946, 18214, 18781, 23015, 23956, 25217]",13,85.0
hsa-miR-3692-3p,GUUCCACACUGACACUGCAGAAGU,"[1726, 3400, 4441, 5230, 6419, 13389, 24689]",7,85.0
hsa-miR-4753-3p,UUCUCUUUCUUUAGCCUUGUGU,"[1631, 2160, 8842, 9748, 17724, 19886, 22628, 25590]",8,85.0
hsa-miR-585-5p,CUAGCACACAGAUACGCCCAGA,"[5732, 9853, 10436, 13331, 16486, 17411, 18449, 28644]",8,85.0
hsa-miR-107,AGCAGCAUUGUACAGGGCUAUCA,"[8827, 13089, 14561, 14780, 22345, 24235, 25319, 26371, 27101, 28734, 28920, 29461]",12,85.0
hsa-miR-103a-3p,AGCAGCAUUGUACAGGGCUAUGA,"[8827, 13089, 14561, 14780, 22345, 24235, 25319, 26371, 27101, 28734, 28920, 29461]",12,85.0
hsa-miR-4766-3p,AUAGCAAUUGCUCUUUUGGAA,"[3594, 6790, 8745, 11120, 12168, 13574, 13727, 16687, 17466, 26760]",10,84.0
hsa-miR-6754-3p,UCUUCACCUGCCUCUGCCUGCA,"[3072, 3638, 4907, 5378, 7751, 7911, 12057, 19678, 22577]",9,84.0
hsa-miR-664b-3p,UUCAUUUGCCUCCCAGCCUACA,"[1191, 3840, 4588, 15061, 18221, 25141, 28572]",7,84.0
hsa-miR-579-3p,UUCAUUUGGUAUAAACCGCGAUU,"[1191, 3840, 4588, 15061, 18221, 25141, 28572]",7,84.0
hsa-miR-548t-5p,CAAAAGUGAUCGUGGUUUUUG,"[2788, 4533, 6806, 8066, 8159, 10593, 11034, 15017, 15557, 19602, 22060, 22687, 27262, 27480]",14,84.0
hsa-miR-548az-5p,CAAAAGUGAUUGUGGUUUUUGC,"[2788, 4533, 6806, 8066, 8159, 10593, 11034, 15017, 15557, 19602, 22060, 22687, 27262, 27480]",14,84.0
hsa-miR-3159,UAGGAUUACAAGUGUCGGCCAC,"[4882, 6425, 7709, 10337, 11340, 13277, 15948]",7,84.0
hsa-miR-4778-5p,AAUUCUGUAAAGGAAGAAGAGG,"[5835, 12682, 17492, 17787, 17852, 22529, 24298, 26734, 27751]",9,84.0
hsa-miR-449b-3p,CAGCCACAACUACCCUGCCACU,"[87, 416, 2098, 6167, 10750, 12220, 15766, 19632, 21157, 26794]",10,84.0
hsa-miR-4501,UAUGUGACCUCGGAUGAAUCA,"[3017, 8236, 13879, 14202, 16348, 16456, 16921, 20113, 29667]",9,84.0
hsa-miR-7978,UCUGGUGUAUAGCGUUGCUCA,"[2606, 3314, 4539, 9548, 19321, 22594, 23357, 25044]",8,84.0
hsa-miR-548n,CAAAAGUAAUUGUGGAUUUUGU,"[2734, 4532, 6805, 8066, 8158, 9784, 10593, 11035, 15558, 19603, 22688, 24024, 27262, 27479]",14,84.0
hsa-miR-548aq-3p,CAAAAACUGCAAUUACUUUUGC,"[6961, 7888, 8926, 11540, 13459, 15517, 15814, 16500, 22582, 23834, 23902, 26492]",12,84.0
hsa-miR-548am-3p,CAAAAACUGCAGUUACUUUUGU,"[6961, 7888, 8926, 11540, 13459, 15517, 15814, 16500, 22582, 23834, 23902, 26492]",12,84.0
hsa-miR-548ah-3p,CAAAAACUGCAGUUACUUUUGC,"[6961, 7888, 8926, 11540, 13459, 15517, 15814, 16500, 22582, 23834, 23902, 26492]",12,84.0
hsa-miR-548ae-3p,CAAAAACUGCAAUUACUUUCA,"[6961, 7888, 8926, 11540, 13459, 15517, 15814, 16500, 22582, 23834, 23902, 26492]",12,84.0
hsa-miR-548g-3p,AAAACUGUAAUUACUUUUGUAC,"[4685, 5041, 7690, 9552, 15147, 24968, 25657, 28131]",8,84.0
hsa-miR-6503-5p,AGGUCUGCAUUCAAAUCCCCAGA,"[13813, 27145, 29540]",3,83.0
hsa-miR-5682,GUAGCACCUUGCAGGAUAAGGU,"[4520, 11375, 13332, 16487, 17411, 18449, 28643]",7,83.0
hsa-miR-548x-5p,UGCAAAAGUAAUUGCAGUUUUUG,"[7324, 7594, 8907, 10047, 11103, 11133, 11889, 12132, 13077, 16632, 23905, 25672, 27584]",13,83.0
hsa-miR-548g-5p,UGCAAAAGUAAUUGCAGUUUUUG,"[7324, 7594, 8907, 10047, 11103, 11133, 11889, 12132, 13077, 16632, 23905, 25672, 27584]",13,83.0
hsa-miR-548aj-5p,UGCAAAAGUAAUUGCAGUUUUUG,"[7324, 7594, 8907, 10047, 11103, 11133, 11889, 12132, 13077, 16632, 23905, 25672, 27584]",13,83.0
hsa-miR-101-3p,UACAGUACUGUGAUAACUGAA,"[2659, 5414, 7049, 7106, 9211, 15195, 16692, 17309]",8,83.0
hsa-miR-7157-5p,UCAGCAUUCAUUGGCACCAGAGA,"[1352, 8757, 12064, 14032, 14779, 16070, 16319, 16582, 17791, 21187, 28733]",11,83.0
hsa-miR-4452,UUGAAUUCUUGGCCUUAAGUGAU,"[9367, 11734, 13052, 17270, 17280, 18134, 20278, 24361, 28859]",9,83.0
hsa-miR-139-5p,UCUACAGUGCACGUGUCUCCAGU,"[4277, 4553, 8343, 9213, 11201, 12036, 13083, 15196, 19488, 22425, 22481, 27927]",12,83.0
hsa-miR-4744,UCUAAAGACUAGACUUCGCUAUG,"[7154, 7172, 9732, 11442, 11674, 16021, 21888, 22227, 22513]",9,83.0
hsa-miR-2054,CUGUAAUAUAAAUUUAAUUUAUU,"[4871, 5360, 9293, 10651, 20046, 20652, 22555, 24241, 25997, 27054, 29163]",11,83.0
hsa-miR-4703-5p,UAGCAAUACAGUACAAAUAUAGU,"[6789, 11119, 16686, 17466, 24091, 26760, 26972, 27170]",8,83.0
hsa-miR-3925-5p,AAGAGAACUGAAAGUGGAGCCU,"[61, 1495, 13669, 14389, 24305, 25706]",6,83.0
hsa-miR-513c-3p,UAAAUUUCACCUUUCUGAGAAGA,"[1048, 1365, 2213, 9337, 17359, 20213, 20596, 23922, 27315, 27896, 29124]",11,83.0
hsa-miR-513a-3p,UAAAUUUCACCUUUCUGAGAAGG,"[1048, 1365, 2213, 9337, 17359, 20213, 20596, 23922, 27315, 27896, 29124]",11,83.0
hsa-miR-4717-3p,ACACAUGGGUGGCUGUGGCCU,"[10175, 11460, 16568, 19390, 24752, 26845, 29837]",7,83.0
hsa-miR-4735-5p,CCUAAUUUGAACACCUUCGGUA,"[3297, 12603, 16354, 20296, 20411, 21501, 22765, 24598, 24993, 27353]",10,83.0
hsa-miR-3674,AUUGUAGAACCUAAGAUUGGCC,"[5347, 5643, 5865, 13018, 13550, 18796, 19881, 26087, 26624]",9,82.0
hsa-miR-1256,AGGCAUUGACUUCUCACUAGCU,"[3505, 4605, 16932, 17397]",4,82.0
hsa-miR-142-5p,CAUAAAGUAGAAAGCACUACU,"[924, 4027, 6785, 9893, 12951, 14979, 15618, 21196, 25809]",9,82.0
hsa-miR-6800-5p,GUAGGUGACAGUCAGGGGCGG,"[2673, 6923, 8289, 10347, 12620, 12921, 18419, 27640]",8,82.0
hsa-miR-577,UAGAUAAAAUAUUGGUACCUG,"[2216, 6602, 8153, 9606, 13111, 15561, 20550, 21471, 27318]",9,82.0
hsa-miR-548x-3p,UAAAAACUGCAAUUACUUUC,"[6961, 7888, 8926, 11540, 13459, 15517, 15814, 16500, 22582, 23834, 23902, 26492]",12,82.0
hsa-miR-548aj-3p,UAAAAACUGCAAUUACUUUUA,"[6961, 7888, 8926, 11540, 13459, 15517, 15814, 16500, 22582, 23834, 23902, 26492]",12,82.0
hsa-miR-605-5p,UAAAUCCCAUGGUGCCUUCUCCU,"[7212, 14243]",2,82.0
hsa-miR-503-5p,UAGCAGCGGGAACAGUUCUGCAG,"[5384, 7006, 8459, 8615, 10681, 13091, 14583, 14782, 19858, 20936, 24095, 24635]",12,82.0
hsa-miR-936,ACAGUAGAGGGAGGAAUCGCAG,"[4191, 7713, 11976, 15565, 16655, 20367, 23277]",7,82.0
hsa-miR-5590-3p,AAUAAAGUUCAUGUAUGGCAA,"[924, 4027, 6785, 9893, 12951, 14979, 15618, 21196, 25809]",9,82.0
hsa-miR-153-3p,UUGCAUAGUCACAAAAGUGAUC,"[10296, 12348, 14576, 17055, 22747, 24258]",6,82.0
hsa-miR-5696,CUCAUUUAAGUAGUCUGAUGCC,"[1192, 2868, 3840, 4587, 15062, 18221, 22722, 24492, 25140, 28572]",10,82.0
hsa-miR-552-5p,GUUUAACCUUUUGCCUGUUGG,"[1361, 8027, 13998, 14250, 14276, 15243, 20443, 23161, 26428]",9,82.0
hsa-miR-197-3p,UUCACCACCUUCUCCACCCAGC,"[564, 1242, 1834, 4906, 5377, 9478, 22576, 23790, 28560]",9,82.0
hsa-miR-6805-3p,UUGCUCUGCUCCCCCGCCCCCAG,"[3184, 5365, 5988, 7514, 17934, 27363, 28965]",7,82.0
hsa-miR-5691,UUGCUCUGAGCUCCGAGAAAGC,"[3184, 5365, 5988, 7514, 17934, 27363, 28965]",7,82.0
hsa-miR-548e-5p,CAAAAGCAAUCGCGGUUUUUGC,"[1720, 7222, 11131, 12360, 13075, 14623, 14655, 18685, 19341, 19636, 27582, 27789]",12,81.0
hsa-miR-548f-5p,UGCAAAAGUAAUCACAGUUUUU,"[7324, 7594, 8907, 10047, 11103, 11133, 11889, 12132, 13077, 16632, 23905, 25672, 27584]",13,81.0
hsa-miR-6875-3p,AUUCUUCCUGCCCUGGCUCCAU,"[2438, 3403, 3994, 4412, 4642, 12059, 13687, 29431]",8,81.0
hsa-miR-584-3p,UCAGUUCCAGGCCAACCAGGCU,"[4370, 12866, 18943, 25423, 28613, 29156]",6,81.0
hsa-miR-485-3p,GUCAUACACGGCUCUCCUCUCU,"[5704, 7490, 10878, 11082, 11364, 25268]",6,81.0
hsa-miR-103b,UCAUAGCCCUGUACAAUGCUGCU,"[1008, 2012, 4616, 10439, 10753, 12287, 16206, 20305]",8,81.0
hsa-miR-6866-5p,UUAGAGGCUGGAAUAGAGAUUCU,"[2458, 10775]",2,81.0
hsa-miR-7851-3p,UACCUGGGAGACUGAGGUUGGA,"[19, 14119, 20896]",3,81.0
hsa-miR-4528,UCAUUAUAUGUAUGAUCUGGAC,"[1428, 4721, 11599, 12387, 12687, 20776, 22397, 25762, 27865]",9,81.0
hsa-miR-539-3p,AUCAUACAAGGACAAUUUCUUU,"[5704, 7490, 10878, 11082, 11364, 25268]",6,81.0
hsa-miR-8063,UCAAAAUCAGGAGUCGGGGCUU,"[1268, 8762, 11024, 13287, 13838, 13930, 17808, 20521, 23948, 25471]",10,81.0
hsa-miR-885-5p,UCCAUUACACUACCCUGCCUCU,"[2054, 3544, 7579, 16491, 20033, 20106, 23001, 25244, 26167, 28282]",10,81.0
hsa-miR-634,AACCAGCACCCCAACUUUGGAC,"[526, 886, 3716, 4786, 7642, 10262, 10634, 13025, 14034, 16584, 20871]",11,81.0
hsa-miR-4677-3p,UCUGUGAGACCAAAGAACUACU,"[4010, 5985, 16264, 16406, 17785, 19169, 24155]",7,81.0
hsa-miR-183-3p,GUGAAUUACCGAAGGGCCAUAA,"[5095, 7477, 9366, 13052, 17270, 17281, 17781, 18134, 24361, 28859]",10,81.0
hsa-miR-5195-3p,AUCCAGUUCUCUGAGGGGGCU,"[743, 918, 10558, 10822, 12888, 14469, 22804, 23863]",8,81.0
hsa-miR-145-5p,GUCCAGUUUUCCCAGGAAUCCCU,"[743, 918, 10558, 10822, 12888, 14469, 22804, 23863]",8,81.0
hsa-miR-624-3p,CACAAGGUAUUGGUAUUACCU,"[5620, 7123, 10746, 11815, 12898, 19102, 22996]",7,81.0
hsa-miR-548at-5p,AAAAGUUAUUGCGGUUUUGGCU,"[73, 5389, 10591, 14374, 15781, 16421, 18030, 22279, 22510, 25430, 26507, 26701, 27677, 29656]",14,81.0
hsa-miR-302d-3p,UAAGUGCUUCCAUGUUUGAGUGU,"[5399, 8539, 14638, 15742]",4,81.0
hsa-miR-302c-3p,UAAGUGCUUCCAUGUUUCAGUGG,"[5399, 8539, 14638, 15742]",4,81.0
hsa-miR-302b-3p,UAAGUGCUUCCAUGUUUUAGUAG,"[5399, 8539, 14638, 15742]",4,81.0
hsa-miR-302a-3p,UAAGUGCUUCCAUGUUUUGGUGA,"[5399, 8539, 14638, 15742]",4,81.0
hsa-miR-3529-3p,AACAACAAAAUCACUAGUCUUCCA,"[1891, 7462, 8521, 9955, 13596, 13890, 14136, 14496, 15373, 16312, 19644, 24943, 25645, 25992]",14,81.0
hsa-miR-3973,ACAAAGUACAGCAUUAGCCUUAG,"[7775, 11642, 13645, 14875, 17951, 19661, 20986, 25432]",8,81.0
hsa-miR-7108-5p,GUGUGGCCGGCAGGCGGGUGG,"[6536, 15493, 16959, 17370, 17705]",5,81.0
hsa-miR-6728-3p,UCUCUGCUCUGCUCUCCCCAG,"[23259, 27234, 28799, 29422]",4,81.0
hsa-miR-325,CCUAGUAGGUGUCCAGUAAGUGU,"[1971, 2571, 6811, 7977, 8502, 9078, 9261, 14603, 18326, 26201]",10,81.0
hsa-miR-595,GAAGUGUGCCGUGGUGUGUCU,"[4573, 5581, 10130, 11393, 13355, 13663, 15997, 18555, 18704, 24822]",10,80.0
hsa-miR-561-3p,CAAAGUUUAAGAUCCUUGAAGU,"[73, 2907, 5793, 14373, 15781, 16421, 18030, 22278, 22511, 25746, 26507, 26702, 27677, 29657]",14,80.0
hsa-miR-4483,GGGGUGGUCUGUUGUUG,"[11753, 14321, 16464]",3,80.0
hsa-miR-3680-3p,UUUUGCAUGACCCUGGGAGUAGG,"[5495, 7924, 10298, 10869, 17056, 20707, 21332, 24260]",8,80.0
hsa-miR-7-2-3p,CAACAAAUCCCAGUCUACCUAA,"[1271, 5675, 7826, 9814, 10530, 11182, 12908, 13995, 14246, 14439, 18895, 19345, 21235, 25397]",14,80.0
hsa-miR-7-1-3p,CAACAAAUCACAGUCUGCCAUA,"[1271, 5675, 7826, 9814, 10530, 11182, 12908, 13995, 14246, 14439, 18895, 19345, 21235, 25397]",14,80.0
hsa-miR-28-3p,CACUAGAUUGUGAGCUCCUGGA,"[2046, 5652, 20658]",3,80.0
hsa-miR-6507-3p,CAAAGUCCUUCCUAUUUUUCCC,"[922, 1661, 10739, 14978, 15617, 16549, 22380, 27260]",8,80.0
hsa-miR-20a-3p,ACUGCAUUAUGAGCACUUAAAG,"[3389, 3440, 4407, 12350, 12573, 20975, 22749, 23436, 23805, 29538]",10,80.0
hsa-miR-3942-5p,AAGCAAUACUGUUACCUGAAAU,"[6789, 11119, 16686, 17466, 24091, 26760, 26972, 27170]",8,80.0
hsa-miR-421,AUCAACAGACAUUAAUUGGGCGC,"[1771, 2583, 3970, 8218, 14741, 17174, 17831, 20526, 23008, 23874, 26064]",11,80.0
hsa-miR-627-5p,GUGAGUCUCUAAGAAAAGAGGA,"[2000, 16416, 16621, 18196, 23586, 24367, 24586, 24997, 29516]",9,80.0
hsa-miR-647,GUGGCUGCACUCACUUCCUUC,"[3443, 10332, 12248, 12464]",4,80.0
hsa-miR-8068,UGUUUGUUGUAAGGAUCGUUGU,"[26, 2689, 3219, 8750, 19571, 28263, 29112, 29166]",8,80.0
hsa-let-7c-3p,CUGUACAACCUUCUAGCUUUCC,"[2411, 5929, 7377, 7532, 9020, 13312, 14498, 18497, 18536, 23773, 23839, 27181]",12,80.0
hsa-miR-641,AAAGACAUAGGAUAGAGUCACCUC,"[7136, 8148, 8224, 11403, 12719, 16076, 16676, 16775, 17300, 18588, 21436]",11,80.0
hsa-miR-3617-5p,AAAGACAUAGUUGCAAGAUGGG,"[7136, 8148, 8224, 11403, 12719, 16076, 16676, 16775, 17300, 18588, 21436]",11,80.0
hsa-miR-346,UGUCUGCCCGCAUGCCUGCCUCU,"[1018, 1257, 3392, 5539, 12352, 13812, 19006, 24557, 24574, 29096]",10,80.0
hsa-miR-5087,GGGUUUGUAGCUUUGCUGGCAUG,"[27, 6012, 10024, 14109, 17878, 21297, 29113]",7,80.0
hsa-miR-519c-3p,AAAGUGCAUCUUUUUAGAGGAU,"[902, 5398, 8540, 14637, 15015, 15555, 15743, 22058, 22435, 24391, 25542]",11,80.0
hsa-miR-519b-3p,AAAGUGCAUCCUUUUAGAGGUU,"[902, 5398, 8540, 14637, 15015, 15555, 15743, 22058, 22435, 24391, 25542]",11,80.0
hsa-miR-519a-3p,AAAGUGCAUCCUUUUAGAGUGU,"[902, 5398, 8540, 14637, 15015, 15555, 15743, 22058, 22435, 24391, 25542]",11,80.0
hsa-miR-3606-3p,AAAAUUUCUUUCACUACUUAG,"[1048, 1365, 2213, 9337, 17359, 20213, 20596, 23922, 27315, 27896, 29124]",11,80.0
hsa-miR-4531,AUGGAGAAGGCUUCUGA,"[25159, 25610, 27685, 29480]",4,79.0
hsa-miR-100-3p,CAAGCUUGUAUCUAUAGGUAUG,"[3828, 6033, 10316, 12049, 12150, 13098, 13990, 16626, 17614, 19115, 24431, 29087]",12,79.0
hsa-miR-6863,UAGACGUGGUGAAGGAUUGAGUG,"[13015, 18743, 24507, 27610]",4,79.0
hsa-miR-3941,UUACACACAACUGAGGAUCAUA,"[5516, 17509, 19056, 24655, 29688, 29807]",6,79.0
hsa-miR-23c,AUCACAUUGCCAGUGAUUACCC,"[6458, 7908, 15302, 21244]",4,79.0
hsa-miR-23b-3p,AUCACAUUGCCAGGGAUUACCAC,"[6458, 7908, 15302, 21244]",4,79.0
hsa-miR-23a-3p,AUCACAUUGCCAGGGAUUUCC,"[6458, 7908, 15302, 21244]",4,79.0
hsa-miR-30e-3p,CUUUCAGUCGGAUGUUUACAGC,"[999, 3911, 4193, 16615, 17884, 18041, 19954, 22970, 25960]",9,79.0
hsa-miR-30d-3p,CUUUCAGUCAGAUGUUUGCUGC,"[999, 3911, 4193, 16615, 17884, 18041, 19954, 22970, 25960]",9,79.0
hsa-miR-30a-3p,CUUUCAGUCGGAUGUUUGCAGC,"[999, 3911, 4193, 16615, 17884, 18041, 19954, 22970, 25960]",9,79.0
hsa-miR-29b-1-5p,GCUGGUUUCAUAUGGUGGUUUAGA,"[5897, 6088, 6314, 6398, 6497, 15466, 17489, 19810, 21619, 28352]",10,79.0
hsa-miR-380-3p,UAUGUAAUAUGGUCCACAUCUU,"[3531, 6221, 14521, 16592, 16722, 21338, 22292, 25369, 27290]",9,79.0
hsa-miR-122b-5p,UUUAGUGUGAUAAUGGCGUUUGA,"[750, 933, 5220, 7857, 18128, 19439, 21645, 29065]",8,79.0
hsa-miR-571,UGAGUUGGCCAUCUGAGUGAG,"[307, 3096, 10274, 11897, 17821, 21711, 23533, 26039, 29520]",9,79.0
hsa-miR-6776-3p,CAACCACCACUGUCUCUCCCCAG,"[1335, 3351, 4160, 7360, 10704, 15226, 20356, 23954, 25951]",9,78.0
hsa-miR-6719-3p,UCUGACAUCAGUGAUUCUCCUG,"[5204, 5684, 11849, 19418, 24647]",5,78.0
hsa-miR-3910,AAAGGCAUAAAACCAAGACA,"[6770, 7040, 9439, 11091, 11772, 20309]",6,78.0
hsa-miR-6790-5p,GUGAGUGUGGAUUUGGCGGGGUU,"[2399, 2705, 12396, 16999, 17874, 27573, 27736, 28441]",8,78.0
hsa-miR-4658,GUGAGUGUGGAUCCUGGAGGAAU,"[2399, 2705, 12396, 16999, 17874, 27573, 27736, 28441]",8,78.0
hsa-miR-1303,UUUAGAGACGGGGUCUUGCUCU,"[63, 2460, 4344, 13670, 21090]",5,78.0
hsa-miR-1468-3p,AGCAAAAUAAGCAAAUGGAAAA,"[7323, 7595, 8907, 10047, 11134, 11889, 15873, 16632, 17105, 21834, 23905, 29324]",12,78.0
hsa-miR-1297,UUCAAGUAAUUCAGGUG,"[454, 9596, 20513, 27848, 29707]",5,78.0
hsa-miR-4733-3p,CCACCAGGUCUAGCAUUGGGAU,"[2544, 2997, 5376, 6285, 9569, 16586, 22313]",7,78.0
hsa-miR-646,AAGCAGCUGCCUCUGAGGC,"[4648, 5383, 6646, 8459, 8615, 9949, 13091, 14782, 19858, 24095, 24635]",11,78.0
hsa-miR-1184,CCUGCAGCGACUUGAUGGCUUCC,"[8109, 8828, 14195, 22346, 24605, 29462]",6,78.0
hsa-miR-4714-5p,AACUCUGACCCCUUAGGUUGAU,"[11051, 11901, 12101, 19617, 20205, 22032, 23086, 24650, 25738]",9,78.0
hsa-miR-145-3p,GGAUUCCUGGAAAUACUGUUCU,"[20396, 22492, 27914]",3,78.0
hsa-miR-6875-5p,UGAGGGACCCAGGACAGGAGA,"[587, 22209, 24717]",3,78.0
hsa-miR-5047,UUGCAGCUGCGGUUGUAAGGU,"[7295, 14634, 18993, 24604, 25320, 26372, 27932, 28736]",8,78.0
hsa-miR-580-3p,UUGAGAAUGAUGAAUCAUUAGG,"[10710, 15697, 26878, 27347]",4,78.0
hsa-miR-4801,UACACAAGAAAACCAAGGCUCA,"[3757, 3966, 6800, 8597, 9000, 9253, 10306, 13157, 14554, 16247]",10,78.0
hsa-miR-297,AUGUAUGUGUGCAUGUGCAUG,"[13882, 14106, 15363, 15885, 16923, 21012, 29073, 29349]",8,77.0
hsa-miR-514b-3p,AUUGACACCUCUGUGAGUGGA,"[7960, 11149, 12673, 14667, 20571, 20808, 23175]",7,77.0
hsa-miR-514a-3p,AUUGACACUUCUGUGAGUAGA,"[7960, 11149, 12673, 14667, 20571, 20808, 23175]",7,77.0
hsa-miR-3658,UUUAAGAAAACACCAUGGAGAU,"[400, 3654, 4097, 4845, 6699, 8227, 12192]",7,77.0
hsa-miR-499b-3p,AACAUCACUGCAAGUCUUAACA,"[4128, 5442, 6159, 6340, 9849, 15260, 16400, 19071, 19734, 21533, 24939]",11,77.0
hsa-miR-499a-3p,AACAUCACAGCAAGUCUGUGCU,"[4128, 5442, 6159, 6340, 9849, 15260, 16400, 19071, 19734, 21533, 24939]",11,77.0
hsa-miR-8081,CUUGAGUCGUGCCUUUCUGAAUG,"[2134, 2400, 2707, 8089, 15058, 16416, 16622, 17824, 17875, 24586, 27738, 29516]",12,77.0
hsa-miR-4694-5p,AGGUGUUAUCCUAUCCAUUUGC,"[8634, 9160, 9546, 16605, 23355, 23932, 28495]",7,77.0
hsa-miR-4709-5p,ACAACAGUGACUUGCUCUCCAA,"[2583, 3224, 14741, 17174, 17830, 23874, 27027]",7,77.0
hsa-miR-7112-3p,UGCAUCACAGCCUUUGGCCCUAG,"[11243, 12243, 12391, 13447, 14018, 16853, 17178, 18854, 19092, 20973, 28917]",11,77.0
hsa-miR-4786-3p,UGAAGCCAGCUCUGGUCUGGGC,"[3012, 6901, 18300, 24055]",4,77.0
hsa-miR-520d-3p,AAAGUGCUUCUCUUUGGUGGGU,"[5399, 8539, 14638, 15742]",4,77.0
hsa-miR-520a-3p,AAAGUGCUUCCCUUUGGACUGU,"[5399, 8539, 14638, 15742]",4,77.0
hsa-miR-8485,CACACACACACACACACGUAU,"[1490, 5516, 11547, 15729, 17509, 19056, 20488, 20490, 24655, 29688]",10,77.0
hsa-miR-1293,UGGGUGGUCUGGAGAUUUGUGC,"[11753, 14321, 16464]",3,77.0
hsa-miR-3143,AUAACAUUGUAAAGCGCUUCUUUCG,"[3626, 6243, 7880, 15241, 15461, 15547, 16540, 18543, 21070, 21743, 23403]",11,77.0
hsa-miR-1250-3p,ACAUUUUCCAGCCCAUUCA,"[11087, 18043, 18220, 19627, 21082, 22403, 28571]",7,77.0
hsa-miR-1231,GUGUCUGGGCGGACAGCUGC,"[3257, 4230, 5540, 12353, 14838, 17536, 19007, 22783, 24912, 27657, 29149]",11,77.0
hsa-miR-4731-3p,CACACAAGUGGCCCCCAACACU,"[3757, 3966, 6800, 8597, 9000, 9253, 10306, 13157, 14554, 16247]",10,77.0
hsa-miR-651-5p,UUUAGGAUAAGCUUGACUUUUG,"[3883, 10338, 12931, 13278, 13583, 15296, 16055]",7,77.0
hsa-miR-4719,UCACAAAUCUAUAAUAUGCAGG,"[12054, 13290, 15661, 18631, 19963, 21115, 22135, 23786, 24110, 24922, 27784]",11,76.0
hsa-miR-411-3p,UAUGUAACACGGUCCACUAACC,"[3532, 6134, 6220, 10533, 14521, 18090, 21339, 22292]",8,76.0
hsa-miR-379-3p,UAUGUAACAUGGUCCACUAACU,"[3532, 6134, 6220, 10533, 14521, 18090, 21339, 22292]",8,76.0
hsa-miR-4659b-5p,UUGCCAUGUCUAAGAAGAA,"[1254, 4044, 25596, 26522, 26895, 28448]",6,76.0
hsa-miR-521,AACGCACUUCCCUUUAGAGUGU,"[18522, 22198, 26363, 28190]",4,76.0
hsa-miR-4799-5p,AUCUAAAUGCAGCAUGCCAGUC,"[2952, 5484, 7174, 9464, 10061, 13750, 19623, 20019, 22228]",9,76.0
hsa-miR-494-3p,UGAAACAUACACGGGAAACCUC,"[3823, 5469, 9621, 15733, 17684, 24847, 27202]",7,76.0
hsa-miR-4774-5p,UCUGGUAUGUAGUAGGUAAUAA,"[605, 12485, 17931, 19817, 22836, 23979, 25942, 28543]",8,76.0
hsa-miR-219a-2-3p,AGAAUUGUGGCUGGACAUCUGU,"[1386, 5973, 6567, 12615, 13051, 14010, 16260, 17502, 21365, 27519]",10,76.0
hsa-miR-3650,AGGUGUGUCUGUAGAGUCC,"[6189, 8955, 11000, 12918, 16214, 18112, 19319]",7,76.0
hsa-miR-376b-3p,AUCAUAGAGGAAAAUCCAUGUU,"[1009, 3810, 10755, 14696, 18205, 18619, 19088, 19927, 23750, 24309, 28204]",11,76.0
hsa-miR-376a-3p,AUCAUAGAGGAAAAUCCACGU,"[1009, 3810, 10755, 14696, 18205, 18619, 19088, 19927, 23750, 24309, 28204]",11,76.0
hsa-miR-144-3p,UACAGUAUAGAUGAUGUACU,"[3765, 5414, 6867, 7049, 7106, 7970, 9212, 15195, 16692, 17310, 19865]",11,76.0
hsa-miR-302d-5p,ACUUUAACAUGGAGGCACUUGC,"[402, 867, 1274, 4100, 8408, 9030, 18062, 18988, 20062, 23943]",10,76.0
hsa-miR-302b-5p,ACUUUAACAUGGAAGUGCUUUC,"[402, 867, 1274, 4100, 8408, 9030, 18062, 18988, 20062, 23943]",10,76.0
hsa-miR-508-3p,UGAUUGUAGCCUUUUGGAGUAGA,"[3252, 10988, 20654, 23037, 24202, 24667]",6,76.0
hsa-miR-5582-3p,UAAAACUUUAAGUGUGCCUAGG,"[3344, 11041, 14412, 14539, 15671, 16196, 16499, 21684, 21700, 22581, 23901]",11,76.0
hsa-miR-3614-3p,UAGCCUUCAGAUCUUGGUGUUUU,"[3494, 7067, 8693, 14971, 20302, 29395]",6,75.0
hsa-miR-34c-3p,AAUCACUAACCACACGGCCAGG,"[7660, 9847, 15258, 21042, 21531]",5,75.0
hsa-miR-6820-3p,UGUGACUUCUCCCCUGCCACAG,"[6920, 8380, 14201, 20112, 27325, 29241]",6,75.0
hsa-miR-3164,UGUGACUUUAAGGGAAAUGGCG,"[6920, 8380, 14201, 20112, 27325, 29241]",6,75.0
hsa-miR-3688-5p,AGUGGCAAAGUCUUUCCAUAU,"[5292, 11196, 13006, 13258, 15492, 16958, 18678, 19149, 21584, 24143]",10,75.0
hsa-miR-130a-5p,GCUCUUUUCACAUUGUGCUACU,"[1002, 1630, 5498, 9748, 19885, 24674, 25589]",7,75.0
hsa-miR-95-5p,UCAAUAAAUGUCUGUUGAAUU,"[926, 1368, 4766, 6787, 11610, 15163, 20501, 21580, 24011]",9,75.0
hsa-miR-644a,AGUGUGGCUUUCUUAGAGC,"[5170, 6537, 19150, 19317, 29545]",5,75.0
hsa-miR-6828-5p,AGGAAGCAAGAGAACCCUGUGG,"[1708, 13604, 21838, 25567]",4,75.0
hsa-miR-6507-5p,GAAGAAUAGGAGGGACUUUGU,"[5976, 7258, 9562, 13640, 14144, 16305, 19141, 21382, 26318, 27402]",10,75.0
hsa-miR-520e-3p,AAAGUGCUUCCUUUUUGAGGG,"[5399, 8539, 14638, 15742]",4,74.0
hsa-miR-520c-3p,AAAGUGCUUCCUUUUAGAGGGU,"[5399, 8539, 14638, 15742]",4,74.0
hsa-miR-520b-3p,AAAGUGCUUCCUUUUAGAGGG,"[5399, 8539, 14638, 15742]",4,74.0
hsa-miR-373-3p,GAAGUGCUUCGAUUUUGGGGUGU,"[5399, 8539, 14638, 15742]",4,74.0
hsa-miR-372-3p,AAAGUGCUGCGACAUUUGAGCGU,"[5399, 8539, 14638, 15742]",4,74.0
hsa-miR-4708-5p,AGAGAUGCCGCCUUGCUCCUU,"[4777, 15751]",2,74.0
hsa-miR-3606-5p,UUAGUGAAGGCUAUUUUAAUU,"[7265, 10454, 12001, 12365, 13137, 15453, 27328, 29010]",8,74.0
hsa-miR-892c-3p,CACUGUUUCCUUUCUGAGUGGA,"[4981, 5875, 14003, 16803, 17294, 27474]",6,74.0
hsa-miR-4676-3p,CACUGUUUCACCACUGGCUCUU,"[4981, 5875, 14003, 16803, 17294, 27474]",6,74.0
hsa-miR-452-5p,AACUGUUUGCAGAGGAAACUGA,"[4981, 5875, 14003, 16803, 17294, 27474]",6,74.0
hsa-miR-4635,UCUUGAAGUCAGAACCCGCAA,"[735, 4137, 6117, 16175, 24363, 24404, 27671, 28852]",8,74.0
hsa-miR-4711-5p,UGCAUCAGGCCAGAAGACAUGAG,"[4704, 12244, 12391, 13446, 17178, 18855, 19092, 20972, 23280]",9,74.0
hsa-miR-4659a-5p,CUGCCAUGUCUAAGAAGAAAAC,"[1254, 4044, 25596, 26522, 26895, 28448]",6,74.0
hsa-miR-219b-3p,AGAAUUGCGUUUGGACAAUCAGU,"[1387, 12616, 13051, 16259, 17502, 21365, 27518]",7,74.0
hsa-miR-8055,CUUUGAGCACAUGAGCAGACGGA,"[1928, 8090, 10817, 16647, 25354, 25585, 27739]",7,74.0
hsa-miR-891a-3p,AGUGGCACAUGUUUGUUGUGAG,"[1323, 3153, 13006, 13259, 15492, 16957, 18677, 19149, 26886]",9,74.0
hsa-miR-1236-3p,CCUCUUCCCCUUGUCUCUCCAG,"[1676, 2159, 14268, 22626, 26262, 29794]",6,74.0
hsa-miR-361-5p,UUAUCAGAAUCUCCAGGGGUAC,"[6941, 17965, 20878, 27418, 27542, 28277]",6,74.0
hsa-miR-6818-5p,UUGUGUGAGUACAGAGAGCAUC,"[5171, 26130, 29546]",3,74.0
hsa-miR-147a,GUGUGUGGAAAUGCUUCUGC,"[5170, 6538, 19151, 19317, 26131, 29545]",6,74.0
hsa-miR-3920,ACUGAUUAUCUUAACUCUCUGA,"[3254, 3679, 14505, 16059, 24613, 29145, 29682]",7,74.0
hsa-miR-1301-3p,UUGCAGCUGCCUGGGAGUGACUUC,"[7295, 14634, 18993, 24604, 25320, 26372, 27932, 28736]",8,73.0
hsa-miR-4429,AAAAGCUGGGCUGAGAGGCG,"[12129, 12651, 19325, 24433, 27440]",5,73.0
hsa-miR-320d,AAAAGCUGGGUUGAGAGGA,"[12129, 12651, 19325, 24433, 27440]",5,73.0
hsa-miR-320c,AAAAGCUGGGUUGAGAGGGU,"[12129, 12651, 19325, 24433, 27440]",5,73.0
hsa-miR-320b,AAAAGCUGGGUUGAGAGGGCAA,"[12129, 12651, 19325, 24433, 27440]",5,73.0
hsa-miR-320a-3p,AAAAGCUGGGUUGAGAGGGCGA,"[12129, 12651, 19325, 24433, 27440]",5,73.0
hsa-miR-4772-3p,CCUGCAACUUUGCCUGAUCAGA,"[210, 1016, 3476, 7235, 8021, 10049, 24045, 24572, 25735]",9,73.0
hsa-miR-4762-5p,CCAAAUCUUGAUCAGAAGCCU,"[12833, 17383, 18734, 19237, 22243, 22598, 29467]",7,73.0
hsa-miR-4325,UUGCACUUGUCUCAGUGA,"[2760, 10972, 11861, 13482, 15085, 16941, 20755, 24388, 24531]",9,73.0
hsa-miR-374b-3p,CUUAGCAGGUUGUAUUAUCAUU,"[3595, 5385, 8460, 13092, 13575, 13728, 18450, 19217, 19859, 24624, 28725]",11,73.0
hsa-miR-4758-5p,GUGAGUGGGAGCCGGUGGGGCUG,"[2399, 2706, 12396, 17000, 17874, 19972, 27573, 27737, 28441]",9,73.0
hsa-miR-3191-5p,CUCUCUGGCCGUCUACCUUCCA,"[2433, 3935, 7063, 9943, 16716]",5,73.0
hsa-miR-3177-5p,UGUGUACACACGUGCCAGGCGCU,"[10998, 13160, 16211, 23840]",4,73.0
hsa-miR-382-5p,GAAGUUGUUCGUGGUGGAUUCG,"[828, 5052, 9194, 12593, 13325, 13968, 16879, 23444, 24454, 28750]",10,73.0
hsa-miR-4679,UCUGUGAUAGAGAUUCUUUGCU,"[4011, 5985, 16264, 16406, 17785, 17841, 19169, 24156, 24551]",9,73.0
hsa-miR-522-3p,AAAAUGGUUCCCUUUAGAGUGU,"[3902, 7193, 14953, 19365, 21814, 24250, 27525]",7,73.0
hsa-miR-224-3p,AAAAUGGUGCCCUAGUGACUACA,"[3902, 7193, 14953, 19365, 21814, 24250, 27525]",7,73.0
hsa-miR-3190-3p,UGUGGAAGGUAGACGGCCAGAGA,"[1710, 9709, 19315, 21840, 24378]",5,73.0
hsa-miR-4795-3p,AUAUUAUUAGCCACUUCUGGAU,"[6506, 9897, 17609, 18424, 20532, 21860, 25758, 28412]",8,73.0
hsa-miR-6732-3p,UAACCCUGUCCUCUCCCUCCCAG,"[4259, 10279, 22214]",3,73.0
hsa-miR-299-5p,UGGUUUACCGUCCCACAUACAU,"[3135, 3918, 6087, 6274, 6496, 15465, 16461, 16745, 18453, 19809]",10,73.0
hsa-miR-12131,UUUGGAGAGGUGUACUCCCA,"[1625, 25159, 25610, 27685, 29481]",5,73.0
hsa-miR-3121-5p,UCCUUUGCCUAUUCUAUUUAAG,"[2267, 9968, 18501, 24878, 25357]",5,73.0
hsa-miR-5700,UAAUGCAUUAAAUUAUUGAAGG,"[863, 1866, 11163, 14355, 17318, 18996, 19310, 24238]",8,73.0
hsa-miR-340-5p,UUAUAAAGCAAUGAGACUGAUU,"[3905, 4028, 9893, 11418, 13697, 17660, 21196, 27718]",8,73.0
hsa-miR-4460,AUAGUGGUUGUGAAUUUACCUU,"[9361, 14421, 19437, 23058, 29064]",5,73.0
hsa-miR-576-5p,AUUCUAAUUUCUCCACGUCUUU,"[2560, 7175, 10062, 10912, 12375, 17289, 19624, 20021, 20298, 20412, 20721]",11,72.0
hsa-miR-4789-5p,GUAUACACCUGAUAUGUGUAUG,"[945, 4866, 6289, 11596, 12300, 17149, 19455]",7,72.0
hsa-miR-6809-3p,CUUCUCUUCUCUCCUUCCCAG,"[1632, 2160, 3936, 5450, 8842, 17724, 21505, 22628]",8,72.0
hsa-miR-218-5p,UUGUGCUUGAUCUAACCAUGU,"[6308, 10624, 17621, 22178, 24819, 26219, 29638]",7,72.0
hsa-miR-32-3p,CAAUUUAGUGUGUGUGAUAUUU,"[6213, 11919, 13577, 16353, 18131, 20295, 21414, 22716, 22831, 27134, 28171]",11,72.0
hsa-miR-514a-5p,UACUCUGGAGAGUGACAAUCAUG,"[11050, 11902, 18440, 20206, 23086, 25738]",6,72.0
hsa-miR-3935,UGUAGAUACGAGCACCAGCCAC,"[4822, 8154, 8728, 9258, 13549, 15563, 19907, 26086]",8,72.0
hsa-miR-466,AUACACAUACACGCAACACACAU,"[5517, 15917, 17423, 29689, 29806]",5,72.0
hsa-miR-181d-5p,AACAUUCAUUGUUGUCGGUGGGU,"[7410, 7529, 8221, 9016, 11400, 12216, 18516, 20783, 27948]",9,72.0
hsa-miR-6755-3p,UGUUGUCAUGUUUUUUCCCUAG,"[1606, 4988, 5037, 5532, 12071, 19670, 24914, 27193]",8,72.0
hsa-miR-597-3p,UGGUUCUCUUGUGGCUCAAGCGU,"[17487, 22231, 24314]",3,72.0
hsa-miR-1257,AGUGAAUGAUGGGUUCUGACC,"[5097, 9528, 11736, 16262, 17783, 19167, 26128]",7,72.0
hsa-miR-494-5p,AGGUUGUCCGUGUUGUCUUCUCU,"[1607, 2554, 5542, 5888, 7838, 13128, 20073, 21617]",8,72.0
hsa-miR-2053,GUGUUAAUUAAACCUCUAUUUAC,"[3630, 6246, 6702, 9282, 14221, 14684, 17698, 20826, 21545, 22259, 28493]",11,72.0
hsa-miR-3618,UGUCUACAUUAAUGAAAAGAGC,"[4985, 6562, 7465, 12037, 17512, 19489, 22426]",7,72.0
hsa-miR-181a-2-3p,ACCACUGACCGUUGACUGUACC,[9643],1,72.0
hsa-miR-3664-5p,AACUCUGUCUUCACUCAUGAGU,"[11051, 11902, 18575, 20206, 21515, 23085, 25738]",7,72.0
hsa-miR-3662,GAAAAUGAUGAGUAGUGACUGAUG,"[4763, 5115, 7334, 7430, 7822, 9603, 16596, 17103, 20639, 22679, 29322]",11,72.0
hsa-miR-6165,CAGCAGGAGGUGAGGGGAG,"[11231, 14572, 17568, 19215, 25316, 28723, 28891, 29458]",8,72.0
hsa-miR-12119,UUCUGAGGGGACGGUAGAUUUGGGG,"[5832, 12099, 17850, 22450, 28332]",5,72.0
hsa-miR-4263,AUUCUAAGUGCCUUGGCC,"[7175, 10062, 10582, 12374, 15328, 19624, 20021, 20259, 20722]",9,72.0
hsa-miR-6502-3p,UAGACCAUCUUUCUAGAGUAU,"[11062, 11219, 26465]",3,71.0
hsa-miR-549a-3p,UGACAACUAUGGAUGAGCUCU,"[2530, 9957, 12479, 17346, 17392, 20569, 21371, 25286]",8,71.0
hsa-miR-432-5p,UCUUGGAGUAGGUCAUUGGGUGG,"[10168, 13607, 25160, 25611, 28588]",5,71.0
hsa-miR-587,UUUCCAUAGGUGAUGAGUCAC,"[7443, 8081, 8400, 10546, 19403, 20245, 22019, 24813, 29791]",9,71.0
hsa-miR-4652-3p,GUUCUGUUAACCCAUCCCCUCA,"[1839, 2415, 2651, 4013, 5933, 6436, 13036, 20593, 21171, 22528, 23732]",11,71.0
hsa-miR-597-5p,UGUGUCACUCGAUGACCACUGU,"[8767, 9115, 13856, 15651, 18551, 24038]",6,71.0
hsa-miR-6766-3p,UGAUUGUCUUCCCCCACCCUCA,"[3251, 4818, 4925, 10988, 23038, 24203, 24666]",7,71.0
hsa-miR-4782-3p,UGAUUGUCUUCAUAUCUAGAAC,"[3251, 4818, 4925, 10988, 23038, 24203, 24666]",7,71.0
hsa-miR-219a-5p,UGAUUGUCCAAACGCAAUUCU,"[3251, 4818, 4925, 10988, 23038, 24203, 24666]",7,71.0
hsa-miR-203a-3p,GUGAAAUGUUUAGGACCACUAG,"[7195, 13907, 17362, 17498, 21958, 22116, 22964, 23181, 24479, 27527, 27937, 29307]",12,71.0
hsa-miR-1179,AAGCAUUCUUUCAUUGGUUGG,"[4198, 11602, 14905, 15891, 17790, 20714, 21186, 29770]",8,71.0
hsa-miR-1264,CAAGUCUUAUUUGAGCACCUGUU,"[7796, 10579, 14533, 14690, 17515, 19611, 20013, 21493, 28210]",9,71.0
hsa-miR-3934-5p,UCAGGUGUGGAAACUGAGGCAG,"[4701, 4751, 8636, 16607]",4,71.0
hsa-miR-616-3p,AGUCAUUGGAGGGUUUGAGCAG,"[1604, 5025, 8804, 9979, 11950, 29865]",6,71.0
hsa-miR-302a-5p,ACUUAAACGUGGAUGUACUUGCU,"[2167, 3748, 5600, 6200, 20910, 22141, 25028]",7,71.0
hsa-miR-498-3p,AAAGCACCUCCAGAGCUUGAAGC,"[3663, 4298, 5813, 8330, 9380, 16285]",6,70.0
hsa-miR-627-3p,UCUUUUCUUUGAGACUCACU,"[1001, 1130, 2653, 4217, 10981, 12269, 13611, 17755, 20724, 24775]",10,70.0
hsa-miR-511-5p,GUGUCUUUUGCUCUGCAGUCA,"[2645, 4291, 5969, 7806, 17629, 23883, 27747]",7,70.0
hsa-miR-583,CAAAGAGGAAGGUCCCAUUAC,"[1859, 6195, 9891, 10808, 11650, 18058]",6,70.0
hsa-miR-324-3p,CCCACUGCCCCAGGUGCUGCUGG,"[762, 2095, 9644, 28368]",4,70.0
hsa-miR-181c-5p,AACAUUCAACCUGUCGGUGAGU,"[7410, 7529, 8221, 9016, 11400, 12216, 18516, 20783, 27948]",9,70.0
hsa-miR-181b-5p,AACAUUCAUUGCUGUCGGUGGGU,"[7410, 7529, 8221, 9016, 11400, 12216, 18516, 20783, 27948]",9,70.0
hsa-miR-181a-5p,AACAUUCAACGCUGUCGGUGAGU,"[7410, 7529, 8221, 9016, 11400, 12216, 18516, 20783, 27948]",9,70.0
hsa-miR-20b-3p,ACUGUAGUAUGGGCACUUCCAG,"[7687, 7944, 8730, 9940, 24908]",5,70.0
hsa-miR-649,AAACCUGUGUUGUUCAAGAGUC,"[328, 12562, 18403, 20473, 23474, 27223]",6,70.0
hsa-miR-3148,UGGAAAAAACUGGUGUGUGCUU,"[6140, 14949, 16476, 18435, 18688, 21737, 22682]",7,70.0
hsa-miR-590-3p,UAAUUUUAUGUAUAAGCUAGU,"[1363, 6518, 8554, 12583, 15159, 20649, 20741, 26094, 27397, 29811]",10,70.0
hsa-miR-10527-5p,AAAGCAAAUGUUGGGUGAACGGC,"[9093, 9690, 12016, 21836, 23676, 27176, 27580, 27586, 27728]",9,70.0
hsa-miR-1238-5p,GUGAGUGGGAGCCCCAGUGUGUG,"[2399, 2706, 12396, 17000, 17874, 19972, 27573, 27737, 28441]",9,70.0
hsa-miR-3130-3p,GCUGCACCGGAGACUGGGUAA,"[23561, 23660, 24227, 29611]",4,70.0
hsa-miR-410-5p,AGGUUGUCUGUGAUGAGUUCG,"[1607, 2554, 5542, 5888, 7838, 13128, 20073, 21617]",8,70.0
hsa-miR-323b-5p,AGGUUGUCCGUGGUGAGUUCGCA,"[1607, 2554, 5542, 5888, 7838, 13128, 20073, 21617]",8,70.0
hsa-miR-6811-3p,AGCCUGUGCUUGUCCCUGCAG,"[10614, 13509, 18101, 23201, 24553]",5,70.0
hsa-miR-5571-5p,CAAUUCUCAAAGGAGCCUCCC,"[1304, 6830, 10861, 15331, 16718, 16978, 17230, 17726, 19131, 20262]",10,70.0
hsa-miR-1244,AAGUAGUUGGUUUGUAUGAGAUGGUU,"[3262, 6721, 6851, 8500, 11492, 14801, 14843, 26200]",8,70.0
hsa-miR-4495,AAUGUAAACAGGCUUUUUGCU,"[3532, 4323, 6221, 14521, 20361, 21339, 21703, 22291]",8,70.0
hsa-miR-4660,UGCAGCUCUGGUGGAAAAUGGAG,"[14634, 18993, 24603, 27932, 29781]",5,69.0
hsa-miR-3911,UGUGUGGAUCCUGGAGGAGGCA,"[5001, 5170, 6538, 19151, 19316, 29545]",6,69.0
hsa-miR-520h,ACAAAGUGCUUCCCUUUAGAGU,"[904, 7776, 14876, 19660, 20986, 25432, 25624, 27725]",8,69.0
hsa-miR-520g-3p,ACAAAGUGCUUCCCUUUAGAGUGU,"[904, 7776, 14876, 19660, 20986, 25432, 25624, 27725]",8,69.0
hsa-miR-3617-3p,CAUCAGCACCCUAUGUCCUUUCU,"[6076, 8758, 16071, 21189, 22648, 22816, 27541]",7,69.0
hsa-miR-8073,ACCUGGCAGCAGGGAGCGUCGU,[28161],1,69.0
hsa-miR-221-5p,ACCUGGCAUACAAUGUAGAUUU,[28161],1,69.0
hsa-miR-195-3p,CCAAUAUUGGCUGUGCUGCUCC,"[1649, 1829, 4032, 14303, 22148, 26377, 27168, 29340]",8,69.0
hsa-miR-16-2-3p,CCAAUAUUACUGUGCUGCUUUA,"[1649, 1829, 4032, 14303, 22148, 26377, 27168, 29340]",8,69.0
hsa-miR-3908,GAGCAAUGUAGGUAGACUGUUU,"[6790, 8389, 11120, 16687, 17465, 19854, 23266, 26760, 26810]",9,69.0
hsa-miR-4328,CCAGUUUUCCCAGGAUU,"[741, 2540, 6938, 15247, 18139]",5,69.0
hsa-miR-942-5p,UCUUCUCUGUUUUGGCCAUGUG,"[2161, 2435, 4952, 7064, 8843, 9944, 18331]",7,69.0
hsa-miR-4295,CAGUGCAAUGUUUUCCUU,"[12705, 12751, 12810, 17181, 22057, 25541, 27554]",7,69.0
hsa-miR-3666,CAGUGCAAGUGUAGAUGCCGA,"[12705, 12751, 12810, 17181, 22057, 25541, 27554]",7,69.0
hsa-miR-301b-3p,CAGUGCAAUGAUAUUGUCAAAGC,"[12705, 12751, 12810, 17181, 22057, 25541, 27554]",7,69.0
hsa-miR-301a-3p,CAGUGCAAUAGUAUUGUCAAAGC,"[12705, 12751, 12810, 17181, 22057, 25541, 27554]",7,69.0
hsa-miR-130b-3p,CAGUGCAAUGAUGAAAGGGCAU,"[12705, 12751, 12810, 17181, 22057, 25541, 27554]",7,69.0
hsa-miR-130a-3p,CAGUGCAAUGUUAAAAGGGCAU,"[12705, 12751, 12810, 17181, 22057, 25541, 27554]",7,69.0
hsa-miR-4502,GCUGAUGAUGAUGGUGCUGAAG,"[221, 1875, 15481, 27653]",4,69.0
hsa-miR-3129-5p,GCAGUAGUGUAGAGAUUGGUUU,"[4190, 7713, 11975, 15566, 16655, 20368, 23276]",7,69.0
hsa-miR-199b-3p,ACAGUAGUCUGCACAUUGGUUA,"[4190, 7713, 11975, 15566, 16655, 20368, 23276]",7,69.0
hsa-miR-199a-3p,ACAGUAGUCUGCACAUUGGUUA,"[4190, 7713, 11975, 15566, 16655, 20368, 23276]",7,69.0
hsa-miR-548an,AAAAGGCAUUGUGGUUUUUG,"[1211, 1477, 4318, 9499, 11092, 23241, 26210]",7,69.0
hsa-miR-499a-5p,UUAAGACUUGCAGUGAUGUUU,"[1599, 6575, 8226, 11875, 16227, 20101]",6,69.0
hsa-miR-7110-3p,UCUCUCUCCCACUUCCCUGCAG,[22955],1,69.0
hsa-miR-561-5p,AUCAAGGAUCUUAAACUUUGCC,"[2145, 2370, 9169, 12438, 22096, 25692, 26569, 28686]",8,68.0
hsa-miR-4703-3p,UGUAGUUGUAUUGUAUUGCCAC,"[3261, 6720, 7602, 8435, 8499, 10125, 14842, 29630]",8,68.0
hsa-miR-1178-5p,CAGGGUCAGCUGAGCAUG,"[3733, 5941, 13339, 14568, 21055, 22441]",6,68.0
hsa-miR-3152-3p,UGUGUUAGAAUAGGGGCAAUAA,"[4623, 9159, 10778, 12496, 16604, 24873, 29082]",7,68.0
hsa-miR-1181,CCGUCGCCGCCACCCGAGCCG,[701],1,68.0
hsa-miR-4803,UAACAUAAUAGUGUGGAUUGA,"[1501, 2628, 5119, 9654, 15460, 16309, 16972, 18408]",8,68.0
hsa-miR-2276-3p,UCUGCAAGUGUCAGAGGCGAGG,"[1016, 7236, 10049, 24044, 24572, 25734]",6,68.0
hsa-miR-3611,UUGUGAAGAAAGAAAUUCUUA,"[2701, 3015, 23968, 24784, 25413, 27732]",6,68.0
hsa-miR-6817-5p,UCUGCCAUAGGAAGCUUGGAGUGG,"[1255, 2889, 13810, 23257, 23829, 26523]",6,68.0
hsa-miR-4769-3p,UCUGCCAUCCUCCCUCCCCUAC,"[1255, 2889, 13810, 23257, 23829, 26523]",6,68.0
hsa-miR-198,GGUCCAGAGGGGAGAUAGGUUC,"[4814, 12068, 16575, 26977]",4,68.0
hsa-miR-16-1-3p,CCAGUAUUAACUGUGCUGCUGA,"[1849, 6866, 8661, 19864, 25958, 28415]",6,68.0
hsa-miR-4690-5p,GAGCAGGCGAGGCUGGGCUGAA,"[11230, 14572, 19216, 28724, 28892]",5,68.0
hsa-miR-643,ACUUGUAUGCUAGCUCAGGUAG,"[2771, 4496, 5349, 8689, 19608, 20219, 25501]",7,68.0
hsa-miR-924,AGAGUCUUGUGAUGUCUUGC,"[2000, 16620, 18195, 23586, 24366, 24997]",6,68.0
hsa-miR-4255,CAGUGUUCAGAGAUGGA,"[748, 6183, 7856, 8095, 19599]",5,68.0
hsa-miR-26b-5p,UUCAAGUAAUUCAGGAUAGGU,"[454, 9596, 20513, 27848, 29707]",5,68.0
hsa-miR-26a-5p,UUCAAGUAAUCCAGGAUAGGCU,"[454, 9596, 20513, 27848, 29707]",5,68.0
hsa-miR-4469,GCUCCCUCUAGGGUCGCUCGGA,"[2492, 28679, 29776]",3,68.0
hsa-miR-12114,CAGGUGGAGGUGUGAGGUC,"[4896, 5338, 14404]",3,68.0
hsa-miR-4738-3p,UGAAACUGGAGCGCCUGGAGGA,"[4459, 4686, 14463, 15148, 19688, 27635, 28132]",7,68.0
hsa-miR-29b-2-5p,CUGGUUUCACAUGGUGGCUUAG,"[29, 3422, 4772, 6013, 6275, 19947, 23993]",7,68.0
hsa-miR-2355-3p,AUUGUCCUUGCUGUUUGGAGAU,"[2249, 3249, 12321, 16577, 28477, 29382]",6,68.0
hsa-miR-4698,UCAAAAUGUAGAGGAAGACCCCA,"[7823, 8763, 11024, 13837, 17104, 20863, 29323]",7,68.0
hsa-miR-33b-5p,GUGCAUUGCUGUUGCAUUGC,"[1197, 6250, 12415, 13031, 16555, 20706]",6,68.0
hsa-miR-33a-5p,GUGCAUUGUAGUUGCAUUGCA,"[1197, 6250, 12415, 13031, 16555, 20706]",6,68.0
hsa-miR-192-3p,CUGCCAAUUCCAUAGGUCACAG,"[1039, 21293, 24353, 27123, 28709, 29231]",6,68.0
hsa-miR-767-5p,UGCACCAUGGUUGUCUGAGCAUG,"[4518, 11373, 13231, 23560, 23659, 24226, 24472, 28641]",8,68.0
hsa-miR-2113,AUUUGUGCUUGGCUCUGUCAC,"[3774, 6309, 19716, 21998, 24116]",5,67.0
hsa-miR-498-5p,UUUCAAGCCAGGGGGCGUUUUUC,"[1440, 1616, 1919, 2155, 2536, 18004, 29708]",7,67.0
hsa-miR-664a-3p,UAUUCAUUUAUCCCCAGCCUACA,"[1193, 1430, 6596, 15063, 18222, 25142, 29617]",7,67.0
hsa-miR-4468,AGAGCAGAAGGAUGAGAU,"[1926, 5697, 10814, 12141, 17137, 17441]",6,67.0
hsa-miR-4743-3p,UUUCUGUCUUUUCUGGUCCAG,"[1840, 2415, 2651, 4013, 5933, 6436, 20593, 23732, 27750, 29427]",10,67.0
hsa-miR-454-3p,UAGUGCAAUAUUGCUUAUAGGGU,"[12705, 12751, 12810, 17181, 22057, 25541, 27554]",7,67.0
hsa-miR-9985,UUCACAGUGGCUAAGCUAU,"[1733, 2750, 17587, 19867, 21952, 24936, 29444]",7,67.0
hsa-miR-27b-3p,UUCACAGUGGCUAAGUUCUGC,"[1733, 2750, 17587, 19867, 21952, 24936, 29444]",7,67.0
hsa-miR-27a-3p,UUCACAGUGGCUAAGUUCCGC,"[1733, 2750, 17587, 19867, 21952, 24936, 29444]",7,67.0
hsa-miR-567,AGUAUGUUCUUCCAGGACAGAAC,"[8658, 13882, 15362, 15884, 16923, 21012, 27507]",7,67.0
hsa-miR-6739-3p,AUUGUUCUGUCUUUCUCCCAG,"[2563, 3863, 10985, 21307, 23364, 28262, 29110]",7,67.0
hsa-miR-122-5p,UGGAGUGUGACAAUGGUGUUUG,"[5309, 17071, 26890]",3,67.0
hsa-miR-7854-3p,UGAGGUGACCGCAGAUGGGAA,"[501, 10035, 18115, 18481, 24729]",5,67.0
hsa-miR-6797-3p,UGCAUGACCCUUCCCUCCCCAC,"[899, 7302, 18320, 21325, 23434, 29536]",6,67.0
hsa-miR-136-5p,ACUCCAUUUGUUUUGAUGAUGGA,"[266, 7580, 10694, 20107, 20330, 27372, 28358]",7,67.0
hsa-miR-181c-3p,AACCAUCGACCGUUGAGUGGAC,"[2683, 7895, 12518, 14773, 14889, 15571, 15991, 19990, 28593]",9,67.0
hsa-miR-452-3p,CUCAUCUGCAAAGAAGUAAGUG,"[3045, 10918, 17012, 22839, 24159, 27357, 28512]",7,67.0
hsa-miR-10395-5p,GUGAUGGAGAGCAAUACC,"[3092, 8960, 12118, 15939, 23633, 23986, 29280]",7,67.0
hsa-miR-4291,UUCAGCAGGAACAGCU,"[9012, 14564, 17570, 29025, 29328]",5,67.0
hsa-miR-6733-3p,UCAGUGUCUGGAUUUCCUAG,"[2747, 8979, 14212, 17584, 26056]",5,67.0
hsa-miR-507,UUUUGCACCUUUUGGAGUGAA,"[2265, 5495, 7924, 10299, 10869, 14369, 15086, 17057, 24533]",9,67.0
hsa-miR-4445-5p,AGAUUGUUUCUUUUGCCGUGCA,"[2042, 3252, 10987, 22877, 23038, 24203, 24667, 29496]",8,67.0
hsa-miR-126-5p,CAUUAUUACUUUUGGUACGCG,"[6506, 7365, 8563, 18423, 20532, 25758, 25760, 28412]",8,66.0
hsa-miR-4666b,UUGCAUGUCAGAUUGUAAUUCCC,"[3511, 4405, 7303, 10536, 12253, 19308, 21331, 23116]",8,66.0
hsa-miR-552-3p,AACAGGUGACUGGUUAGACAA,"[2260, 8637, 16608, 18654, 22914]",5,66.0
hsa-miR-6832-5p,AGUAGAGAGGAAAAGUUAGGGUC,"[5346, 14390, 17124]",3,66.0
hsa-miR-203a-5p,AGUGGUUCUUAACAGUUCAACAGUU,"[12893, 24893]",2,66.0
hsa-miR-6792-3p,CUCCUCCACAGCCCCUGCUCAU,"[369, 3466, 21349]",3,66.0
hsa-miR-10522-5p,AGAAGAAUUGGCCUACUCAGG,"[1451, 4696, 11570, 19022, 22320, 22324, 25884, 26080, 26441, 26874]",10,66.0
hsa-miR-6802-5p,CUAGGUGGGGGGCUUGAAGC,"[2673, 4897, 6924, 10347, 12621, 12921, 14404, 18419, 27641]",9,66.0
hsa-miR-548b-3p,CAAGAACCUCAGUUGCUUUUGU,"[625, 6986, 9729, 12191, 20041, 21724, 23213]",7,66.0
hsa-miR-5585-3p,CUGAAUAGCUGGGACUACAGGU,"[1113, 3267, 9148, 23430, 28006]",5,66.0
hsa-miR-4691-5p,GUCCUCCAGGCCAUGAGCUGCGG,"[369, 3466, 21349]",3,66.0
hsa-miR-4729,UCAUUUAUCUGUUGGGAAGCUA,"[2868, 4587, 10691, 14960, 17219, 21023, 22722, 24492, 25140]",9,66.0
hsa-miR-4465,CUCAAGUAGUCUGACCAGGGGA,"[454, 9596, 20513, 27848, 29707]",5,66.0
hsa-miR-548ar-3p,UAAAACUGCAGUUAUUUUUGC,"[3344, 11041, 11886, 14539, 15671, 16196, 21699, 23833]",8,66.0
hsa-miR-573,CUGAAGUGAUGUGUAACUGAUCAG,"[11589, 14479, 16173, 23187, 24403, 24562, 26013]",7,66.0
hsa-miR-338-3p,UCCAGCAUCAGUGAUUUUGUUG,"[10569, 12065, 14033, 16583, 24051, 25780, 26975]",7,66.0
hsa-miR-208a-5p,GAGCUUUUGGCCCGGGUUAUAC,"[1137, 1807, 16107, 16651, 17757, 19045, 21134, 26563]",8,66.0
hsa-miR-4264,ACUCAGUCAUGGUCAUU,"[1301, 1996, 15840, 21845, 27334]",5,66.0
hsa-miR-1277-5p,AAAUAUAUAUAUAUAUGUACGUAU,"[4869, 7255, 13949, 14169, 22169, 26486, 28029]",7,66.0
hsa-miR-6837-3p,CCUUCACUGUGACUCUGCUGCAG,"[2576, 3072, 3639, 7750, 7911, 12057, 12937]",7,66.0
hsa-miR-5197-3p,AAGAAGAGACUGAGUCAUCGAAU,"[4742, 21476, 26443, 26621, 27498, 28819, 29451]",7,66.0
hsa-miR-208b-5p,AAGCUUUUUGCUCGAAUUAUGU,"[1137, 1807, 16107, 16651, 17757, 19045, 21134, 26563]",8,65.0
hsa-miR-511-3p,AAUGUGUAGCAAAAGACAGA,"[12498, 25376]",2,65.0
hsa-miR-103a-1-5p,GGCUUCUUUACAGUGCUGCCUUG,"[3405, 4353, 4644, 9792, 12147, 18269, 29039]",7,65.0
hsa-miR-7161-5p,UAAAGACUGUAGAGGCAACUGGU,"[9760, 12210, 16020, 16777, 17764, 21438]",6,65.0
hsa-miR-500a-5p,UAAUCCUUGCUACCUGGGUGAGA,"[2806, 12960, 13284, 13711]",4,65.0
hsa-miR-142-3p,UGUAGUGUUUCCUACUUUAUGGA,"[6184, 7686, 23274]",3,65.0
hsa-miR-548az-3p,AAAAACUGCAAUCACUUUUGC,"[3344, 11041, 11886, 14539, 15671, 16196, 21699, 23833]",8,65.0
hsa-miR-4682,UCUGAGUUCCUGGAGCCUGGUCU,"[309, 9992, 10275, 11898, 20203, 21712, 23588, 29521]",8,65.0
hsa-miR-6529-5p,GAGAGAUCAGAGGCGCAGAGUG,"[45, 3807, 4343, 4665, 18202, 22727]",6,65.0
hsa-miR-1227-3p,CGUGCCACCCUUUUCCCCAG,"[1296, 4185, 10573, 15232, 24856, 25911]",6,65.0
hsa-miR-103a-2-5p,AGCUUCUUUACAGUGCUGCCUUG,"[3405, 4353, 4644, 9792, 12147, 18269, 29039]",7,65.0
hsa-miR-6510-5p,CAGCAGGGGAGAGAGAGGAGUC,"[11231, 14571, 17439, 17745, 19216, 28724, 28892]",7,65.0
hsa-miR-5010-3p,UUUUGUGUCUCCCAUUCCCCAG,"[6310, 12740, 19715, 21998, 24117, 24875]",6,65.0
hsa-miR-4536-5p,UGUGGUAGAUAUAUGCACGAU,"[4887, 5167, 10723, 13772, 21995, 23728]",6,65.0
hsa-miR-4506,AAAUGGGUGGUCUGAGGCAA,"[16467, 23554, 25802, 28100]",4,65.0
hsa-miR-557,GUUUGCACGGGUGGGCCUUGUCU,"[2265, 5495, 7924, 10299, 10869, 14369, 15086, 17057, 24533]",9,65.0
hsa-miR-1322,GAUGAUGCUGCUGAUGCUG,"[7427, 12120, 18720, 22676, 27294, 28659]",6,65.0
hsa-miR-216a-3p,UCACAGUGGUCUCUGGGAUUAU,"[1733, 2749, 17586, 19867, 24936, 29444]",6,65.0
hsa-miR-128-3p,UCACAGUGAACCGGUCUCUUU,"[1733, 2749, 17586, 19867, 24936, 29444]",6,65.0
hsa-miR-362-3p,AACACACCUAUUCAAGGAUUCA,"[5515, 17509, 19056, 24655, 29688]",5,65.0
hsa-miR-6806-5p,UGUAGGCAUGAGGCAGGGCCCAGG,"[2060, 9445, 20924, 23641]",4,65.0
hsa-miR-4727-3p,AUAGUGGGAAGCUGGCAGAUUC,"[9362, 19438, 23057, 29064]",4,65.0
hsa-miR-542-3p,UGUGACAGAUUGAUAACUGAAA,"[92, 1382, 8235, 13878, 15383, 15536, 16404, 29007]",8,65.0
hsa-miR-5692c,AAUAAUAUCACAGUAGGUGUAC,"[5960, 6948, 20152, 26482]",4,65.0
hsa-miR-5692b,AAUAAUAUCACAGUAGGUGU,"[5960, 6948, 20152, 26482]",4,65.0
hsa-miR-944,AAAUUAUUGUACAUCGGAUGAG,"[129, 7366, 8564, 19837, 21499, 22052, 22824, 22908, 26664, 27307]",10,65.0
hsa-miR-6796-3p,GAAGCUCUCCCCUCCCCGCAG,"[791, 6124, 9470, 12692, 24617, 26555]",6,65.0
hsa-miR-218-2-3p,CAUGGUUCUGUCAAGCACCGCG,"[1565, 5890, 6018, 22232, 22410, 23079, 27979]",7,65.0
hsa-miR-513b-5p,UUCACAAGGAGGUGUCAUUUAU,"[2232, 3070, 9228, 12055, 15662, 18632, 27434]",7,65.0
hsa-miR-3189-3p,CCCUUGGGUCUGAUGGGGUAG,"[28398, 29118]",2,65.0
hsa-miR-5680,GAGAAAUGCUGGACUAAUCUGC,"[8912, 9719, 11166, 15694, 21526, 28599]",6,65.0
hsa-miR-551b-5p,GAAAUCAAGCGUGGGUGAGACC,"[2548, 2949, 6082, 20252, 20504, 24681, 25053]",7,64.0
hsa-miR-7856-5p,UUUUAAGGACACUGAGGGAUC,"[1092, 3457, 3486, 4301, 12194, 13297, 13358, 18559, 21411, 26559, 28462]",11,64.0
hsa-miR-574-5p,UGAGUGUGUGUGUGUGAGUGUGU,"[2704, 16999, 27735]",3,64.0
hsa-miR-6833-5p,GUGUGGAAGAUGGGAGGAGAAA,"[1711, 9709, 19315, 24379]",4,64.0
hsa-miR-3977,GUGCUUCAUCGUAAUUAACCUUA,"[4354, 8574, 15825, 21264, 25436]",5,64.0
hsa-miR-519d-5p,CCUCCAAAGGGAAGCGCUUUCUGUU,"[356, 1481, 1581, 6303, 17751, 20123, 21347]",7,64.0
hsa-miR-589-5p,UGAGAACCACGUCUGCUCUGAG,[27841],1,64.0
hsa-miR-367-5p,ACUGUUGCUAAUAUGCAACUCU,"[4227, 13034, 21513, 22527, 27196, 28845, 29367]",7,64.0
hsa-miR-4999-3p,UCACUACCUGACAAUACAGU,"[9846, 10490, 10901, 14122, 19106, 20056]",6,64.0
hsa-miR-6761-5p,UCUGAGAGAGCUCGAUGGCAG,"[11882, 17009, 22075, 22448]",4,64.0
hsa-miR-618,AAACUCUACUUGUCCUUCUGAGU,"[2181, 5322, 8923, 18442, 19995, 20854, 26448]",7,64.0
hsa-miR-12117,GAAGUGGAGCACAUCAGUGA,"[3551, 4245, 16042, 16759, 18490, 22685]",6,64.0
hsa-miR-4756-3p,CCAGAGAUGGUUGCCUUCCUAU,"[6405, 11477, 15713, 18569, 20969, 22728, 25067]",7,64.0
hsa-miR-4797-3p,UCUCAGUAAGUGGCACUCUGU,"[1301, 1851, 1996, 15841, 16656, 21845, 23218, 27334]",8,64.0
hsa-miR-3126-5p,UGAGGGACAGAUGCCAGAAGCA,"[587, 22209, 24717]",3,63.0
hsa-miR-524-5p,CUACAAAGGGAAGCACUUUCUC,"[5796, 13647, 21966, 22760, 24869, 25651, 25749, 26213]",8,63.0
hsa-miR-520d-5p,CUACAAAGGGAAGCCCUUUC,"[5796, 13647, 21966, 22760, 24869, 25651, 25749, 26213]",8,63.0
hsa-miR-4275,CCAAUUACCACUUCUUU,"[13634, 13850, 15202, 27772, 28063]",5,63.0
hsa-miR-4677-5p,UUGUUCUUUGGUCUUUCAGCCA,"[2563, 4758, 10984, 26114, 29110]",5,63.0
hsa-miR-584-5p,UUAUGGUUUGCCUGGGACUGAG,"[1425, 1565, 5890, 6018, 23079, 27979]",6,63.0
hsa-miR-548f-3p,AAAAACUGUAAUUACUUUU,"[3344, 11041, 11886, 14539, 15671, 16196, 21699, 23833]",8,63.0
hsa-miR-548e-3p,AAAAACUGAGACUACUUUUGCA,"[3344, 11041, 11886, 14539, 15671, 16196, 21699, 23833]",8,63.0
hsa-miR-548bc,AAAAACUGUGAUUACUUUUGC,"[3344, 11041, 11886, 14539, 15671, 16196, 21699, 23833]",8,63.0
hsa-miR-383-3p,ACAGCACUGCCUGGUCAGA,"[2331, 3729, 8456, 16704, 16912, 29510]",6,63.0
hsa-miR-506-3p,UAAGGCACCCUUCUGAGUAGA,"[1210, 4317, 6771, 26209]",4,63.0
hsa-miR-124-3p,UAAGGCACGCGGUGAAUGCCAA,"[1210, 4317, 6771, 26209]",4,63.0
hsa-miR-548a-3p,CAAAACUGGCAAUUACUUUUGC,"[3344, 11041, 11886, 14539, 15671, 16196, 21699, 23833]",8,63.0
hsa-miR-6716-5p,UGGGAAUGGGGGUAAGGGCC,"[10074, 19014, 29358]",3,63.0
hsa-miR-323a-3p,CACAUUACACGGUCGACCUCU,"[6456, 10266, 15038, 17903, 19773]",5,63.0
hsa-miR-323a-5p,AGGUGGUCCGUGGCGCGUUCGC,"[10018, 16754, 17081, 23935]",4,63.0
hsa-miR-7844-5p,AAAACUAGGACUGUGUGGUGUA,"[5184, 6511, 10158, 11280, 11606, 12997, 27953]",7,63.0
hsa-miR-7702,CUUAGACUGCCAGACUCCCUGA,"[8653, 10236, 11841, 21852, 22935, 23223, 26467]",7,62.0
hsa-miR-6513-3p,UCAAGUGUCAUCUGUCCCUAG,"[572, 8594, 22437, 23303, 24041, 27847]",6,62.0
hsa-miR-4711-3p,CGUGUCUUCUGGCUUGAU,"[2646, 4934, 10343, 12916, 13660]",5,62.0
hsa-miR-19b-2-5p,AGUUUUGCAGGUUUGCAUUUCA,"[8092, 15805, 23929, 28383, 29353]",5,62.0
hsa-miR-19b-1-5p,AGUUUUGCAGGUUUGCAUCCAGC,"[8092, 15805, 23929, 28383, 29353]",5,62.0
hsa-miR-19a-5p,AGUUUUGCAUAGUUGCACUACA,"[8092, 15805, 23929, 28383, 29353]",5,62.0
hsa-miR-5192,AGGAGAGUGGAUUCCAGGUGGU,"[25608, 27683]",2,62.0
hsa-miR-4260,CUUGGGGCAUGGAGUCCCA,"[1346, 2468, 28289, 28396]",4,62.0
hsa-miR-578,CUUCUUGUGCUCUAGGAUUGU,"[737, 4358, 13609, 19944, 20220, 24772, 28854]",7,62.0
hsa-miR-3622b-3p,UCACCUGAGCUCCCGUGCCUG,"[10955, 11498, 25903, 27085]",4,62.0
hsa-miR-3622a-3p,UCACCUGACCUCCCAUGCCUGU,"[10955, 11498, 25903, 27085]",4,62.0
hsa-miR-4307,AAUGUUUUUUCCUGUUUCC,"[755, 5111, 5774, 8307, 8657, 11153, 15361, 29354]",8,62.0
hsa-miR-380-5p,UGGUUGACCAUAGAACAUGCGC,"[1117, 7962, 10372, 24416, 27977]",5,62.0
hsa-miR-520a-5p,CUCCAGAGGGAAGUACUUUCU,"[3990, 19594, 27502]",3,62.0
hsa-miR-1324,CCAGACAGAAUUCUAUGCACUUUC,"[4434, 7995, 8427, 15821, 16708, 17963, 19484, 28275]",8,62.0
hsa-miR-548ay-3p,CAAAACCGCGAUUACUCUUGCA,"[10058, 10499, 11291, 13349, 18214, 18781, 23015, 23957, 25217]",9,62.0
hsa-miR-548at-3p,CAAAACCGCAGUAACUUUUGU,"[10058, 10499, 11291, 13349, 18214, 18781, 23015, 23957, 25217]",9,62.0
hsa-miR-655-5p,AGAGGUUAUCCGUGUUAUGUUC,"[3291, 4996, 5088, 15477, 19590, 27301]",6,62.0
hsa-miR-3620-3p,UCACCCUGCAUCCCGCACCCAG,"[12029, 15904, 19675]",3,62.0
hsa-miR-5580-3p,CACAUAUGAAGUGAGCCAGCAC,"[3020, 21047, 24579, 27982]",4,61.0
hsa-miR-4742-5p,UCAGGCAAAGGGAUAUUUACAGA,"[317, 6381, 8870, 17323, 19270]",5,61.0
hsa-miR-543,AAACAUUCGCGGUGCACUUCUU,"[3626, 7880, 15547, 16540, 18543, 21070, 21743, 24301]",8,61.0
hsa-miR-548u,CAAAGACUGCAAUUACUUUUGCG,"[9760, 12210, 16020, 16777, 17764, 21438]",6,61.0
hsa-miR-31-5p,AGGCAAGAUGCUGGCAUAGCU,"[1414, 5290, 6379, 11194]",4,61.0
hsa-let-7g-3p,CUGUACAGGCCACUGCCUUGC,"[7378, 7532, 9020, 11835, 13312, 18497, 18537, 21008, 23774]",9,61.0
hsa-let-7a-2-3p,CUGUACAGCCUCCUAGCUUUCC,"[7378, 7532, 9020, 11835, 13312, 18497, 18537, 21008, 23774]",9,61.0
hsa-miR-5196-5p,AGGGAAGGGGACGAGGGUUGGG,"[15, 2504, 24714]",3,61.0
hsa-miR-4747-5p,AGGGAAGGAGGCUUGGUCUUAG,"[15, 2504, 24714]",3,61.0
hsa-miR-3616-5p,AUGAAGUGCACUCAUGAUAUGU,"[11589, 14479, 16173, 23187, 24403, 24562, 26013]",7,61.0
hsa-miR-532-5p,CAUGCCUUGAGUGUAGGACCGU,"[543, 13833, 17194, 17946, 20771]",5,61.0
hsa-miR-15b-3p,CGAAUCAUUAUUUGCUGCUCUA,"[8191, 14987, 17835, 23794]",4,61.0
hsa-miR-1265,CAGGAUGUGGUCAAGUGUUGUU,"[16053, 18093]",2,61.0
hsa-miR-6826-5p,UCAAUAGGAAAGAGGUGGGACCU,"[1527, 3330, 6171, 6230, 8697, 9374, 18917, 20582]",8,61.0
hsa-miR-4312,GGCCUUGUUCCUGUCCCCA,"[8691, 28480, 28996, 29549]",4,61.0
hsa-miR-3134,UGAUGGAUAAAAGACUACAUAUU,"[7766, 12118, 15938, 23632, 23985]",5,61.0
hsa-miR-642b-3p,AGACACAUUUGGAGAGGGACCC,"[7958, 8133, 11935, 20807, 23173]",5,61.0
hsa-miR-642a-3p,AGACACAUUUGGAGAGGGAACC,"[7958, 8133, 11935, 20807, 23173]",5,61.0
hsa-miR-148a-5p,AAAGUUCUGAGACACUCCGACU,"[3308, 5708, 15779, 24780, 25165, 25387, 26239, 27675]",8,61.0
hsa-miR-3928-3p,GGAGGAACCUUGGAGCUUCGGC,"[4006, 17544, 28755, 28827]",4,61.0
hsa-miR-4716-5p,UCCAUGUUUCCUUCCCCCUUCU,"[3462, 26610, 28446]",3,61.0
hsa-miR-4748,GAGGUUUGGGGAGGAUUUGCU,"[6227, 6590, 10025, 11812, 16747, 22945]",6,61.0
hsa-miR-4509,ACUAAAGGAUAUAGAAGGUUUU,"[7155, 7173, 9665, 9777, 11442, 11674, 21888, 22227, 22513]",9,61.0
hsa-miR-544a,AUUCUGCAUUUUUAGCAAGUUC,"[4408, 8110, 16639, 23662, 24607, 29612]",6,61.0
hsa-miR-4289,GCAUUGUGCAGGGCUAUCA,"[5456, 9285, 11948, 13553, 13806]",5,61.0
hsa-miR-218-1-3p,AUGGUUCCGUCAAGCACCAUGG,"[12892, 22409, 24316, 26172]",4,60.0
hsa-miR-581,UCUUGUGUUCUCUAGAUCAGU,"[10781, 16961, 24771, 29084, 29547]",5,60.0
hsa-miR-5690,UCAGCUACUACCUCUAUUAGG,"[9407, 13564, 14632, 15109, 27539, 27930]",6,60.0
hsa-miR-3163,UAUAAAAUGAGGGCAGUAAGAC,"[4764, 5116, 7335, 7432, 9453, 9604, 17659, 20420, 21469, 25219]",10,60.0
hsa-miR-4668-3p,GAAAAUCCUUUUUGUUUUUCCAG,"[4527, 13286, 20335, 20419, 21468, 21873, 22844, 29843]",8,60.0
hsa-miR-5702,UGAGUCAGCAACAUAUCCCAUG,"[2334, 11681, 16415, 24585, 27089, 29514]",6,60.0
hsa-miR-548v,AGCUACAGUUACUUUUGCACCA,"[4554, 11202, 17795, 19776, 27080, 27928]",6,60.0
hsa-miR-4464,AAGGUUUGGAUAGAUGCAAUA,"[6227, 6590, 10025, 11812, 16747, 22945]",6,60.0
hsa-miR-495-5p,GAAGUUGCCCAUGUUAUUUUCG,"[5052, 12593, 13968, 16880, 18028, 23444, 24455, 25634]",8,60.0
hsa-miR-6771-3p,CAAACCCCUGUCUACCCGCAG,"[4261, 18779, 19565, 21121]",4,60.0
hsa-miR-153-5p,UCAUUUUUGUGAUGUUGCAGCU,"[3386, 10066, 11992, 18220, 21067, 21083, 25964, 28571]",8,60.0
hsa-miR-29a-5p,ACUGAUUUCUUUUGGUGUUCAG,"[3254, 7928, 14938, 17635, 24612, 28050, 28294, 29146]",8,60.0
hsa-miR-376c-3p,AACAUAGAGGAAAUUCCACGU,"[4618, 7278, 16208, 18663]",4,60.0
hsa-miR-876-3p,UGGUGGUUUACAAAGUAAUUCA,"[10017, 12894, 16463, 16755, 18455, 23935]",6,60.0
hsa-miR-4793-5p,ACAUCCUGCUCCACAGGGCAGAGG,"[3051, 14509, 14770, 23399]",4,60.0
hsa-miR-6782-3p,CACCUUUGUGUCCCCAUCCUGCA,"[257, 2727, 3415, 3634, 5842, 13301, 21487]",7,60.0
hsa-miR-519e-5p,UUCUCCAAAAGGGAGCACUUUC,"[357, 1581, 17751, 20123, 28360]",5,60.0
hsa-miR-515-5p,UUCUCCAAAAGAAAGCACUUUCUG,"[357, 1581, 17751, 20123, 28360]",5,60.0
hsa-miR-1197,UAGGACACAUGGUCUACUUCU,"[579, 8135, 21808, 22660, 28001]",5,60.0
hsa-miR-10b-3p,ACAGAUUCGAUUCUAGGGGAAU,"[1433, 3521, 8244, 12228, 25972, 26434]",6,60.0
hsa-miR-4670-3p,UGAAGUUACAUCAUGGUCGCUU,"[1249, 5256, 5781, 23186, 24402, 24782, 25880]",7,60.0
hsa-miR-555,AGGGUAAGCUGAACCUCUGAU,"[1342, 4248, 15929, 16037, 20643, 28406]",6,60.0
hsa-miR-3137,UCUGUAGCCUGGGAGCAAUGGGGU,"[4682, 8730, 9939, 24909, 27115]",5,60.0
hsa-miR-3619-5p,UCAGCAGGCAGGCUGGUGCAGC,"[9012, 14564, 17569, 25317, 29025, 29459]",6,60.0
hsa-miR-3161,CUGAUAAGAACAGAGGCCCAGAU,"[379, 4565, 12408, 15801, 17040, 18228]",6,60.0
hsa-miR-5011-3p,GUGCAUGGCUGUAUAUAUAACA,"[3510, 7303, 12024, 12252, 21331]",5,59.0
hsa-miR-607,GUUCAAAUCCAGAUCUAUAAC,"[1028, 6619, 6915, 7074, 11987, 12834, 16834, 19747]",8,59.0
hsa-miR-450b-5p,UUUUGCAAUAUGUUCCUGAAUA,"[5494, 7597, 7924, 8124, 10299, 10869, 17033, 17057]",8,59.0
hsa-miR-12120,UAAGGAACGCGGGGCCUUGGUAGAGC,"[8602, 9518, 10472, 15926, 17731, 26604]",6,59.0
hsa-miR-6892-5p,GUAAGGGACCGGAGAGUAGGA,"[1090, 5547, 21410]",3,59.0
hsa-miR-4267,UCCAGCUCGGUGGCAC,"[524, 654, 28627]",3,59.0
hsa-miR-4303,UUCUGAGCUGAGGACAG,"[5833, 17849, 22450]",3,59.0
hsa-miR-329-3p,AACACACCUGGUUAACCUCUUU,"[5515, 17509, 19056, 24655, 29688]",5,59.0
hsa-miR-2681-5p,GUUUUACCACCUCCAGGAGACU,"[3418, 5108, 8552, 15982, 20134, 28568]",6,59.0
hsa-miR-6884-3p,CCCAUCACCUUUCCGUCUCCCCU,"[12516, 12861, 19280, 19665, 24811, 25907]",6,59.0
hsa-miR-6847-3p,GGCUCAUGUGUCUGUCCUCUUC,"[965, 12156, 25179, 29503]",4,59.0
hsa-miR-138-5p,AGCUGGUGUUGUGAAUCAGGCCG,"[6499, 19322, 23121]",3,59.0
hsa-miR-4633-5p,AUAUGCCUGGCUAGCUCCUC,"[17946, 20772]",2,59.0
hsa-miR-140-3p,UACCACAGGGUAGAACCACGG,"[1780, 4158, 5630, 9319, 10118, 10487]",6,59.0
hsa-miR-541-5p,AAAGGAUUCUGCUGUCGGUCCCACU,"[720, 11341, 13221, 22473, 26341]",5,59.0
hsa-miR-212-3p,UAACAGUCUCCAGUCACGGCC,"[5283, 6869, 7972, 12814, 24190, 26824]",6,59.0
hsa-miR-132-3p,UAACAGUCUACAGCCAUGGUCG,"[5283, 6869, 7972, 12814, 24190, 26824]",6,59.0
hsa-miR-4793-3p,UCUGCACUGUGAGUUGGCUGGCU,"[8933, 10973, 13483, 23661, 29611]",5,59.0
hsa-miR-592,UUGUGUCAAUAUGCGAUGAUGU,"[3585, 8767, 9115, 10643, 13857, 15651, 18552]",7,59.0
hsa-miR-6076,AGCAUGACAGAGGAGAGGUGG,"[899, 7302, 18320, 21325, 23434, 29536]",6,59.0
hsa-miR-659-3p,CUUGGUUCAGGGAGGGUCCCCA,"[1202, 6276, 24316, 24419, 26173]",5,59.0
hsa-miR-6801-5p,UGGUCAGAGGCAGCAGGAAAUGA,"[7716, 26906]",2,59.0
hsa-miR-10393-3p,UGGUCAGAUUUGAACUCUUCAA,"[7716, 26906]",2,59.0
hsa-miR-4280,GAGUGUAGUUCUGAGCAGAGC,"[4874, 10128, 16949, 17069, 21644, 23644, 26331]",7,59.0
hsa-miR-92a-1-5p,AGGUUGGGAUCGGUUGCAAUGCU,"[32, 6016, 10015, 22522, 23077, 24333]",6,58.0
hsa-miR-770-5p,UCCAGUACCACGUGUCAGGGCCA,"[7053, 7110, 13173, 17090]",4,58.0
hsa-miR-4712-5p,UCCAGUACAGGUCUCUCAUUUC,"[7053, 7110, 13173, 17090]",4,58.0
hsa-miR-4694-3p,CAAAUGGACAGGAUAACACCU,"[3902, 14454, 14952, 21815, 21976, 27274]",6,58.0
hsa-miR-138-2-3p,GCUAUUUCACGACACCAGGGUU,"[5319, 12976, 15638, 19124, 21311]",5,58.0
hsa-miR-1-5p,ACAUACUUCUUUAUAUGCCCAU,"[5703, 13307, 15073, 15592, 25175]",5,58.0
hsa-miR-3681-3p,ACACAGUGCUUCAUCCACUACU,"[1733, 2749, 17586, 19867, 24936, 29444]",6,58.0
hsa-miR-934,UGUCUACUACUGGAGACACUGG,"[4984, 6563, 12038, 19490, 20010]",5,58.0
hsa-miR-3180-5p,CUUCCAGACGCUCCGCCCCACGUCG,"[3991, 19595, 22806, 25782, 27502]",5,58.0
hsa-miR-3121-3p,UAAAUAGAGUAGGCAAAGGACA,"[8625, 27781]",2,58.0
hsa-miR-922,GCAGCAGAGAAUAGGACUACGUC,"[3161, 9012, 12668, 14564, 17570, 29021, 29025]",7,58.0
hsa-miR-4305,CCUAGACACCUCCAGUUC,"[6893, 18874]",2,58.0
hsa-miR-520f-5p,CCUCUAAAGGGAAGCGCUUUCU,"[2190, 3299, 5448, 21503, 22514, 28217]",6,58.0
hsa-miR-3646,AAAAUGAAAUGAGCCCAGCCCA,"[6904, 16082, 20601, 22756, 24008]",5,58.0
hsa-miR-937-5p,GUGAGUCAGGGUGGGGCUGG,"[16415, 16622, 24585, 27089, 29515]",5,58.0
hsa-miR-4426,GAAGAUGGACGUACUUU,"[398, 7768, 24704]",3,58.0
hsa-miR-4766-5p,UCUGAAAGAGCAGUUGGUGUU,"[21688, 25558, 26818, 27219]",4,58.0
hsa-miR-668-3p,UGUCACUCGGCUCGGCCCACUAC,"[4079, 18550, 19108, 24037, 27162, 27191]",6,58.0
hsa-miR-6755-5p,UAGGGUAGACACUGACAACGUU,"[850, 3037, 17130, 18244, 20840]",5,58.0
hsa-miR-563,AGGUUGACAUACGUUUCCC,"[1117, 7962, 10372, 24416, 27977]",5,58.0
hsa-miR-3923,AACUAGUAAUGUUGGAUUAGGG,"[2572, 4877, 9262, 11278, 12340, 13516]",6,58.0
hsa-miR-656-5p,AGGUUGCCUGUGAGGUGUUCA,"[1200, 2914, 5992, 12079, 18803, 20672, 27366]",7,58.0
hsa-miR-369-3p,AAUAAUACAUGGUUGAUCUUU,"[5960, 6949, 11115, 11250, 13061, 20152, 26483]",7,58.0
hsa-miR-329-5p,GAGGUUUUCUGGGUUUCUGUUUC,"[5086, 6227, 6590, 16747, 26400]",5,58.0
hsa-miR-9-3p,AUAAAGCUAGAUAACCGAAAGU,"[12652, 13828, 14188, 17648, 23858, 24433, 27440]",7,57.0
hsa-miR-4680-3p,UCUGAAUUGUAAGAGUUGUUA,"[1388, 8193, 17503, 20948, 21366, 23669]",6,57.0
hsa-miR-562,AAAGUAGCUGUACCAUUUGC,"[2980, 3784, 11670, 21911, 26803, 27430]",6,57.0
hsa-miR-6134,UGAGGUGGUAGGAUGUAGA,"[501, 10036, 18115, 18481, 24729]",5,57.0
hsa-miR-3972,CUGCCAGCCCCGUUCCAGGGCA,"[10571, 25835, 28904]",3,57.0
hsa-miR-518c-5p,UCUCUGGAGGGAAGCACUUUCUG,"[2432, 11049, 18439]",3,57.0
hsa-miR-1202,GUGCCAGCUGCAGUGGGGGAG,"[10571, 25835, 28904]",3,57.0
hsa-miR-1911-3p,CACCAGGCAUUGUGGUCUCC,"[8863, 17086, 19272]",3,57.0
hsa-miR-4650-3p,AGGUAGAAUGAGGCCUGACAU,"[3035, 4329, 14817, 23739]",4,57.0
hsa-miR-5693,GCAGUGGCUCUGAAAUGAACUC,"[5294, 11198, 11831, 17882, 21843]",5,57.0
hsa-miR-7109-3p,CAAGCCUCUCCUGCCCUUCCAG,"[5153, 6899, 25767, 29030]",4,57.0
hsa-miR-891b,UGCAACUUACCUGAGUCAUUGA,"[7234, 7668, 8019, 8101, 9839, 17986, 20889]",7,57.0
hsa-miR-4697-3p,UGUCAGUGACUCCUGCCCCUUGGU,"[3368, 8980, 14052, 14214, 19933, 27557]",6,57.0
hsa-miR-4463,GAGACUGGGGUGGGGCC,"[6401, 7720, 11840]",3,57.0
hsa-miR-4456,CCUGGUGGCUUCCUUUU,"[22593, 25044]",2,57.0
hsa-miR-1252-3p,CAAAUGAGCUUAAUUUCCUUUU,"[6905, 7821, 20602, 24008, 24107]",5,57.0
hsa-miR-4789-3p,CACACAUAGCAGGUGUAUAUA,"[467, 7957, 10843, 11545, 15916, 17422, 18152, 29806]",8,57.0
hsa-miR-217-3p,CAUCAGUUCCUAAUGCAUUGCC,"[5176, 6939, 27417, 29158]",4,57.0
hsa-miR-3976,UAUAGAGAGCAGGAAGAUUAAUGU,"[3808, 15119, 15630, 18203, 24307, 25707]",6,57.0
hsa-miR-3978,GUGGAAAGCAUGCAUCCAGGGUGU,"[10965, 12020, 21738, 23050, 23244]",5,57.0
hsa-miR-4661-5p,AACUAGCUCUGUGGAUCCUGAC,"[13117, 18846, 20097, 23623]",4,57.0
hsa-miR-338-5p,AACAAUAUCCUGGUGCUGAGUG,"[1650, 9058, 9418, 12643, 16447, 25858, 26378]",7,57.0
hsa-miR-125a-3p,ACAGGUGAGGUUCUUGGGAGCC,"[2259, 4700, 4752]",3,57.0
hsa-miR-525-5p,CUCCAGAGGGAUGCACUUUCU,"[3990, 19594, 27502]",3,57.0
hsa-miR-4662a-3p,AAAGAUAGACAAUUGGCUAAAU,"[176, 4730, 5404, 9608, 25710]",5,56.0
hsa-miR-4638-3p,CCUGGACACCGCUCAGCCGGCCG,"[1373, 11048, 11938, 13717, 17534, 28509, 29106]",7,56.0
hsa-miR-3918,ACAGGGCCGCAGAUGGAGACU,"[839, 9111]",2,56.0
hsa-miR-31-3p,UGCUAUGCCAACAUAUUGCCAU,"[758, 8722, 29635, 29670]",4,56.0
hsa-miR-4705,UCAAUCACUUGGUAAUUGCUGU,"[3066, 16004, 18761, 20996, 24075, 27757]",6,56.0
hsa-miR-3659,UGAGUGUUGUCUACGAGGGCA,"[2705, 5308, 16998, 27423, 27736]",5,56.0
hsa-miR-154-3p,AAUCAUACACGGUUGACCUAUU,"[7491, 9065, 11365, 13926, 14088, 17605]",6,56.0
hsa-miR-12135,UAAAGGUUUGUUUGUAAA,"[3138, 9664, 17975, 18354, 22947, 28058]",6,56.0
hsa-miR-7153-3p,CACCAUGGACGGUUUACC,"[5717, 13767, 18828, 25199]",4,56.0
hsa-miR-4432,AAAGACUCUGCAAGAUGCCU,"[5502, 6575, 11875, 16227, 20101, 26391]",6,56.0
hsa-miR-3064-3p,UUGCCACACUGCAACACCUUACA,"[1295, 2887, 11808, 18024, 20670]",5,56.0
hsa-miR-548ax,AGAAGUAAUUGCGGUUUUGCCA,"[4734, 11484, 25898, 26007, 26805]",5,56.0
hsa-miR-548ao-5p,AGAAGUAACUACGGUUUUUGCA,"[4734, 11484, 25898, 26007, 26805]",5,56.0
hsa-miR-4712-3p,AAUGAGAGACCUGUACUGUAU,"[1221, 7819, 17163, 25149]",4,56.0
hsa-miR-214-3p,ACAGCAGGCACAGACAGGCAGU,"[9012, 14564, 17569, 25317, 29025, 29459]",6,56.0
hsa-miR-4699-3p,AAUUUACUCUGCAAUCUUCUCC,"[2309, 2866, 4476, 19300, 19648, 21400]",6,56.0
hsa-miR-570-3p,CGAAAACAGCAAUUACCUUUGC,"[5860, 8056, 21686, 27905]",4,56.0
hsa-miR-3675-3p,CAUCUCUAAGGAACUCCCCCAA,"[3300, 15642, 22958, 27237]",4,55.0
hsa-miR-422a,ACUGGACUUAGGGUCAGAAGGC,"[11047, 17534, 28508, 29106]",4,55.0
hsa-miR-378i,ACUGGACUAGGAGUCAGAAGG,"[11047, 17534, 28508, 29106]",4,55.0
hsa-miR-378h,ACUGGACUUGGUGUCAGAUGG,"[11047, 17534, 28508, 29106]",4,55.0
hsa-miR-378f,ACUGGACUUGGAGCCAGAAG,"[11047, 17534, 28508, 29106]",4,55.0
hsa-miR-378e,ACUGGACUUGGAGUCAGGA,"[11047, 17534, 28508, 29106]",4,55.0
hsa-miR-378d,ACUGGACUUGGAGUCAGAAA,"[11047, 17534, 28508, 29106]",4,55.0
hsa-miR-378c,ACUGGACUUGGAGUCAGAAGAGUGG,"[11047, 17534, 28508, 29106]",4,55.0
hsa-miR-378b,ACUGGACUUGGAGGCAGAA,"[11047, 17534, 28508, 29106]",4,55.0
hsa-miR-378a-3p,ACUGGACUUGGAGUCAGAAGGC,"[11047, 17534, 28508, 29106]",4,55.0
hsa-miR-4673,UCCAGGCAGGAGCCGGACUGGA,"[1822, 8862, 8871, 18462, 19271]",5,55.0
hsa-miR-214-5p,UGCCUGUCUACACUUGCUGUGC,"[10613, 13510, 18102, 23201, 24554]",5,55.0
hsa-miR-4678,AAGGUAUUGUUCAGACUUAUGA,"[2696, 4166, 6281, 12448, 13318, 18172]",6,55.0
hsa-miR-4760-5p,UUUAGAUUGAACAUGAAGUUAG,"[681, 4584, 6393, 9834, 11917, 28254]",6,55.0
hsa-miR-520e-5p,CUCAAGAUGGAAGCAGUUUCUG,"[1615, 1918, 2535, 5505, 18003, 22881, 27284]",7,55.0
hsa-miR-6877-3p,CAGCCUCUGCCCUUGGCCUCC,"[1879, 6898, 16204, 21866]",4,55.0
hsa-miR-6516-5p,UUUGCAGUAACAGGUGUGAGCA,"[7923, 10867, 25321, 25486, 27854]",5,55.0
hsa-miR-140-5p,CAGUGGUUUUACCCUAUGGUAG,"[4243, 9361, 14421, 17880, 19437]",5,55.0
hsa-miR-26a-2-3p,CCUAUUCUUGAUUACUUGUUUC,"[11760, 13753, 15092]",3,55.0
hsa-miR-26a-1-3p,CCUAUUCUUGGUUACUUGCACG,"[11760, 13753, 15092]",3,55.0
hsa-miR-5003-3p,UACUUUUCUAGGUUGUUGGGG,"[2654, 4218, 7447, 17060, 17940, 20725]",6,55.0
hsa-miR-4727-5p,AUCUGCCAGCUUCCACAGUGG,"[1256, 2889, 13811, 23257, 26524]",5,55.0
hsa-miR-582-5p,UUACAGUUGUUCAACCAGUUACU,"[4552, 5415, 13057, 17311, 21006, 25425, 27926]",7,55.0
hsa-miR-6740-3p,UGUCUUCUCUCCUCCCAAACAG,"[3641, 10193, 18193]",3,55.0
hsa-miR-190a-3p,CUAUAUAUCAAACAUAUUCCU,"[4117, 4238, 16511, 22665, 25187, 26661, 29564, 29594]",8,55.0
hsa-miR-1269b,CUGGACUGAGCCAUGCUACUGG,"[19386, 22519, 28507, 28585]",4,55.0
hsa-miR-1269a,CUGGACUGAGCCGUGCUACUGG,"[19386, 22519, 28507, 28585]",4,55.0
hsa-miR-6079,UUGGAAGCUUGGACCAACUAGCUG,"[1709, 13604, 21839, 25567]",4,54.0
hsa-miR-12129,GAUGUACUGAACUGGGUCAGAC,"[7330, 7649, 14500, 21010, 28108]",5,54.0
hsa-miR-151a-3p,CUAGACUGAAGCUCCUUGAGG,"[10236, 11840, 21852, 22935, 23223]",5,54.0
hsa-miR-5697,UCAAGUAGUUUCAUGAUAAAGG,"[1329, 3695, 9596, 20513, 23454, 27431]",6,54.0
hsa-miR-1276,UAAAGAGCCCUGUGGAGACA,"[1860, 9890, 18058]",3,54.0
hsa-miR-4691-3p,CCAGCCACGGACUGAGAGUGCAU,"[88, 12276, 14894]",3,54.0
hsa-miR-3184-3p,AAAGUCUCGCUCUCUGCCCCUCA,"[7677, 7797, 10579, 14533, 17515, 20013, 21493]",7,54.0
hsa-miR-761,GCAGCAGGGUGAAACUGACACA,"[9012, 14564, 17569, 25317, 29025, 29459]",6,54.0
hsa-miR-5695,ACUCCAAGAAGAAUCUAGACAG,"[357, 1581, 17750, 20123, 21145]",5,54.0
hsa-miR-9851-3p,UGGCACCAGCACUGGCGGUGUC,"[1322, 3151, 29276]",3,54.0
hsa-miR-4503,UUUAAGCAGGAAAUAGAAUUUA,"[4299, 4632, 6127, 10200, 17616, 26558]",6,54.0
hsa-miR-3688-3p,UAUGGAAAGACUUUGCCACUCU,"[1099, 11457, 12021, 14950, 16477, 27272]",6,54.0
hsa-miR-6841-5p,UAGGGUACUCAGAGCAAGUUGU,"[18244, 20839]",2,54.0
hsa-miR-4496,GAGGAAACUGAAGCUGAGAGGG,"[9155, 9773, 22547, 26596, 28134]",5,54.0
hsa-miR-7156-3p,CUGCAGCCACUUGGGGAACUGGU,"[101, 7294, 25320, 26372, 28736]",5,54.0
hsa-miR-5002-5p,AAUUUGGUUUCUGAGGCACUUAGU,"[1189, 1203, 6277, 28518]",4,54.0
hsa-miR-206,UGGAAUGUAAGGAAGUGUGUGG,"[4892, 19313, 27150, 29357]",4,54.0
hsa-miR-1-3p,UGGAAUGUAAAGAAGUAUGUAU,"[4892, 19313, 27150, 29357]",4,54.0
hsa-miR-6792-5p,GUAAGCAGGGGCUCUGGGUGA,"[190, 4299, 6555, 10200, 15500]",5,54.0
hsa-miR-6750-3p,GAACUCACCCUCUGCUCCCAG,"[3000, 5433, 5460, 14996, 16119, 22026]",6,54.0
hsa-miR-15a-3p,CAGGCCAUAUUGUGCUGCCUCA,"[2057, 2446, 12634, 15337, 17115]",5,54.0
hsa-miR-4776-3p,CUUGCCAUCCUGGUCCACUGCAU,"[1041, 4044, 11809, 21294, 24355, 25596, 28449]",7,54.0
hsa-miR-6514-3p,CUGCCUGUUCUUCCACUCCAG,"[10614, 13181, 13510, 18102, 23201, 24554]",6,54.0
hsa-miR-1915-5p,ACCUUGCCUUGCUGCCCGGGCC,"[8178, 28451]",2,54.0
hsa-miR-8062,CAGUGAUUUGAGGAUUAUUGC,"[13135, 18081, 22265, 24205, 27023, 27446]",6,54.0
hsa-miR-3919,GCAGAGAACAAAGGACUCAGU,"[6405, 11169, 15713, 18569, 20969]",5,54.0
hsa-miR-4645-5p,ACCAGGCAAGAAAUAUUGU,"[1822, 8862, 8871, 18462, 19271]",5,54.0
hsa-miR-4272,CAUUCAACUAGUGAUUGU,"[1772, 3518, 8219, 14743, 18920, 22065, 28688]",7,54.0
hsa-miR-5683,UACAGAUGCAGAUUCUCUGACUUC,"[8947, 15124, 18812, 20078, 20553, 22605]",6,54.0
hsa-miR-6819-3p,AAGCCUCUGUCCCCACCCCAG,"[1879, 6898, 16204, 21866]",4,54.0
hsa-miR-6505-3p,UGACUUCUACCUCUUCCAAAG,"[6349, 6919, 12207, 21849, 22778, 23416, 29240]",7,54.0
hsa-miR-4511,GAAGAACUGUUGCAUUUGCCCU,"[12191, 15792, 19020, 20041, 21724, 23213]",6,54.0
hsa-miR-6849-3p,ACCAGCCUGUGUCCACCUCCAG,"[4179, 10260, 21868, 28084]",4,53.0
hsa-miR-3609,CAAAGUGAUGAGUAAUACUGGCUG,"[2787, 4092, 11033, 24371, 25623]",5,53.0
hsa-miR-219b-5p,AGAUGUCCAGCCACAAUUCUCG,"[4088, 16917, 19493, 23761, 26961, 27000]",6,53.0
hsa-miR-5572,GUUGGGGUGCAGGGGUCUGCU,"[1345, 2469, 28288]",3,53.0
hsa-miR-616-5p,ACUCAAAACCCUUCAGUGACUU,"[4213, 4948, 5158, 22951]",4,53.0
hsa-miR-373-5p,ACUCAAAAUGGGGGCGCUUUCC,"[4213, 4948, 5158, 22951]",4,53.0
hsa-miR-371b-5p,ACUCAAAAGAUGGCGGCACUUU,"[4213, 4948, 5158, 22951]",4,53.0
hsa-miR-376a-2-5p,GGUAGAUUUUCCUUCUAUGGU,"[4821, 6994, 8728, 13549, 14815, 26086]",6,53.0
hsa-miR-12127,UAGAGGUUCUAAUGGUCCAGGGUUA,"[10027, 10773, 19591]",3,53.0
hsa-miR-7850-5p,GUUUGGACAUAGUGUGGCUGG,"[1074, 1626, 25570, 25795, 26122]",5,53.0
hsa-miR-655-3p,AUAAUACAUGGUUAACCUCUUU,"[2615, 4488, 13060, 14899, 22257, 25995]",6,53.0
hsa-miR-374c-5p,AUAAUACAACCUGCUAAGUGCU,"[2615, 4488, 13060, 14899, 22257, 25995]",6,53.0
hsa-miR-5706,UUCUGGAUAACAUGCUGAAGCU,"[2431, 4056, 26860, 29107]",4,53.0
hsa-miR-4782-5p,UUCUGGAUAUGAAGACAAUCAA,"[2431, 4056, 26860, 29107]",4,53.0
hsa-miR-760,CGGCUCUGGGUCUGUGGGGA,"[15310, 29370, 29714]",3,53.0
hsa-miR-1288-3p,UGGACUGCCCUGAUCUGGAGA,"[19386, 28506, 28585]",3,53.0
hsa-miR-613,AGGAAUGUUCCUUCUUUGCC,"[4892, 19313, 27150, 29357]",4,53.0
hsa-miR-593-5p,AGGCACCAGCCAGGCAUUGCUCAGC,"[1322, 3151, 29276]",3,53.0
hsa-miR-4715-3p,GUGCCACCUUAACUGCAGCCAAU,"[4184, 11807, 18025, 19285, 20670]",5,53.0
hsa-miR-4477a,CUAUUAAGGACAUUUGUGAUUC,"[133, 7364, 8562, 8630, 14957, 19700, 21921]",7,53.0
hsa-miR-659-5p,AGGACCUUCCCUGAACCAAGGA,"[5844, 7558, 12927, 17532]",4,53.0
hsa-miR-6759-5p,UUGUGGGUGGGCAGAAGUCUGU,"[5238, 23704]",2,53.0
hsa-miR-4261,AGGAAACAGGGACCCA,"[9772, 23049, 27271]",3,53.0
hsa-miR-8061,CUUAGAUUAGAGGAUAUUGUU,"[681, 4584, 6393, 9834, 11917, 28254]",6,53.0
hsa-miR-4529-5p,AGGCCAUCAGCAGUCCAAUGAA,"[17368, 20623, 25195, 26693]",4,53.0
hsa-miR-196b-5p,UAGGUAGUUUCCUGUUGUUGGG,[28605],1,52.0
hsa-miR-196a-5p,UAGGUAGUUUCAUGUUGUUGGG,[28605],1,52.0
hsa-miR-620,AUGGAGAUAGAUAUAGAAAU,"[25158, 25610, 27685, 29481]",4,52.0
hsa-miR-1270,CUGGAGAUAUGGAAGAGCUGUGU,"[25158, 25610, 27685, 29481]",4,52.0
hsa-miR-215-3p,UCUGUCAUUUCUUUAGGCCAAUA,"[11348, 14348, 16713, 18573, 28945]",5,52.0
hsa-miR-892a,CACUGUGUCCUUUCUGCGUAG,"[1986, 13009, 13365, 20140, 24966, 26001]",6,52.0
hsa-let-7f-1-3p,CUAUACAAUCUAUUGCCUUCCC,"[11597, 12300, 19456, 25860, 26658]",5,52.0
hsa-miR-187-5p,GGCUACAACACAGGACCCGGGC,"[9420, 15375, 19776, 27080]",4,52.0
hsa-miR-424-3p,CAAAACGUGAGGCGCUGCUAU,"[8054, 10834, 20388, 29571]",4,52.0
hsa-miR-4451,UGGUAGAGCUGAGGACA,"[4330, 14817, 23740]",3,52.0
hsa-miR-10523-5p,GACAAUGAUGAGAAGACCUGAGGA,"[1237, 8423, 14155]",3,52.0
hsa-miR-4446-3p,CAGGGCUGGCAGUGACAUGGGU,"[461, 29799]",2,52.0
hsa-miR-372-5p,CCUCAAAUGUGGAGCACUAUUCU,"[4213, 4948, 17384, 19782, 22952]",5,52.0
hsa-miR-4693-5p,AUACUGUGAAUUUCACUGUCACA,"[1986, 13009, 16805, 16927, 27185]",5,52.0
hsa-miR-12136,GAAAAAGUCAUGGAGGCC,"[8904, 10385, 11095, 26408, 27791, 28213]",6,52.0
hsa-miR-223-5p,CGUGUAUUUGACAAGCUGAGUU,"[11585, 13802, 24177, 28691]",4,52.0
hsa-miR-548ah-5p,AAAAGUGAUUGCAGUGUUUG,"[2787, 4092, 11033, 24371, 25623]",5,52.0
hsa-miR-5579-5p,UAUGGUACUCCUUAAGCUAAC,"[1424, 6430, 9053, 10890]",4,52.0
hsa-miR-210-3p,CUGUGCGUGUGACAGCGGCUGA,"[3773, 8887, 17460]",3,52.0
hsa-miR-7703,UUGCACUCUGGCCUUCUCCCAGG,"[860, 2761, 15085, 20755, 24532]",5,52.0
hsa-miR-22-5p,AGUUCUUCAGUGGCAAGCUUUA,"[4757, 10984, 26113]",3,52.0
hsa-miR-193b-3p,AACUGGCCCUCAAAGUCCCGCU,"[9049, 26695]",2,52.0
hsa-miR-193a-3p,AACUGGCCUACAAAGUCCCAGU,"[9049, 26695]",2,52.0
hsa-miR-6071,UUCUGCUGCCGGCCAAGGC,"[532, 5537, 16637, 17336]",4,52.0
hsa-miR-5692a,CAAAUAAUACCACAGUGGGUGU,"[1688, 3355, 6912, 9585, 13904, 16904, 20017]",7,52.0
hsa-miR-502-5p,AUCCUUGCUAUCUGGGUGCUA,"[28452, 28760, 29120, 29153]",4,52.0
hsa-miR-6730-5p,AGAAAGGUGGAGGGGUUGUCAGA,"[1213, 9673, 21730, 24502]",4,51.0
hsa-miR-3942-3p,UUUCAGAUAACAGUAUUACAU,"[998, 2923, 12229, 21261, 26435]",5,51.0
hsa-miR-3924,AUAUGUAUAUGUGACUGCUACU,"[6222, 14501, 16098]",3,51.0
hsa-miR-7849-3p,GACAAUUGUUGAUCUUGGGCCU,"[3276, 6797, 7307, 13887, 25889]",5,51.0
hsa-miR-6766-5p,CGGGUGGGAGCAGAUCUUAUUGAG,"[11752, 14322, 16465]",3,51.0
hsa-miR-6756-5p,AGGGUGGGGCUGGAGGUGGGGCU,"[11752, 14322, 16465]",3,51.0
hsa-miR-331-5p,CUAGGUAUGGUCCCAGGGAUCC,"[4166, 5127, 9743, 13319, 18172, 20765]",6,51.0
hsa-miR-155-5p,UUAAUGCUAAUCGUGAUAGGGGUU,"[864, 5209, 17197, 25074]",4,51.0
hsa-miR-4685-3p,UCUCCCUUCCUGCCCUGGCUAG,"[2493, 12791, 28794, 29776]",4,51.0
hsa-miR-4287,UCUCCCUUGAGGGCACUUU,"[2493, 12791, 28794, 29776]",4,51.0
hsa-miR-1183,CACUGUAGGUGAUGGUGAGAGUGGGCA,"[4683, 7688, 7945, 14393, 16926, 27184]",6,51.0
hsa-miR-4316,GGUGAGGCUAGCUGGUG,"[4009, 15340, 25507]",3,51.0
hsa-miR-182-5p,UUUGGCAAUGGUAGAACUCACACU,"[22247, 24330, 25128, 28772]",4,51.0
hsa-miR-6852-3p,UGUCCUCUGUUCCUCAG,"[3248, 6355, 12320, 28476]",4,51.0
hsa-miR-654-3p,UAUGUCUGCUGACCAUCACCUU,"[2291, 3393, 12040, 14314, 17537, 24575]",6,51.0
hsa-miR-4534,GGAUGGAGGAGGGGUCU,"[12118, 15939, 23633, 23986]",4,51.0
hsa-miR-487a-3p,AAUCAUACAGGGACAUCCAGUU,"[7491, 9065, 11365, 13926, 14088, 17605]",6,51.0
hsa-miR-5197-5p,CAAUGGCACAAACUCAUUCUUGA,"[1685, 15078, 16934, 24799]",4,51.0
hsa-miR-4662a-5p,UUAGCCAAUUGUCCAUCUUUAG,"[2033, 2099, 4614, 12222, 25210, 28524]",6,51.0
hsa-miR-4470,UGGCAAACGUGGAAGCCGAGA,"[315, 6977, 8868, 22246, 24142]",5,51.0
hsa-miR-548ao-3p,AAAGACCGUGACUACUUUUGCA,"[376, 1598, 10138]",3,51.0
hsa-miR-6715b-3p,CUCAAACCGGCUGUGCCUGUGG,"[6617, 19746, 21795]",3,50.0
hsa-miR-1266-3p,CCCUGUUCUAUGCCCUGAGGGA,"[5661, 16125, 18051, 22621, 26643]",5,50.0
hsa-miR-4645-3p,AGACAGUAGUUCUUGCCUGGUU,"[145, 10163, 11513, 14665, 29006]",5,50.0
hsa-miR-591,AGACCAUGGGUUCUCAUUGU,"[506, 15436, 20003]",3,50.0
hsa-miR-150-3p,CUGGUACAGGCCUGGGGGACAG,"[6007, 8075, 18344, 19434]",4,50.0
hsa-miR-12121,CUGCCACGAGCGUGCGGGCCU,"[11808, 18025, 20669]",3,50.0
hsa-miR-6874-5p,AUGGAGCUGGAACCAGAUCAGGC,"[2590, 24461]",2,50.0
hsa-miR-875-5p,UAUACCUCAGUUUUAUCAGGUG,"[4834, 11532, 12981, 16433, 23566]",5,50.0
